id,latitude,longitude,elevation,state,name,gsn_flag,wmo_id,element,first_year,last_year
AU000005010,48.05,14.1331,383,,KREMSMUENSTER,GSN,11012,TMAX,1876,2023
AU000005901,48.2331,16.35,199,,WIEN,GSN,11035,TMAX,1855,2023
AU000006306,47.8,13,437,,SALZBURG,,11150,TMAX,1874,2023
AU000011801,47.2667,11.4,577,,INNSBRUCK,,11120,TMAX,1877,2023
AU000016402,47.0831,15.45,366,,GRAZ,,11240,TMAX,1894,2022
AUM00011155,47.817,13.717,1620.1,,FEUERKOGEL,,11155,TMAX,1965,2023
AUM00011231,46.65,14.333,452,,KLAGENFURT(CIV/MIL),,11231,TMAX,1952,2022
AUM00011343,47.05,12.95,3113.8,,SONNBLICK - AUTOM.,,11343,TMAX,2001,2023
AUM00011389,48.183,15.617,273,,ST POELTEN LANDHAUS,,11389,TMAX,2007,2023
FR000007130,48.0689,-1.7339,36,,RENNES-ST JACQUES,GSN,07130,TMAX,1945,2023
FR000007190,48.5492,7.6403,150,,STRASBOURG-ENTZHEIM,GSN,07190,TMAX,1924,2023
FR000007255,47.0592,2.3594,161,,BOURGES,GSN,07255,TMAX,1945,2023
FR000007510,44.8306,0.6914,47,,BORDEAUX-MERIGNAC,,07510,TMAX,1906,2023
FR000007560,44.1167,3.5831,1567,,MONT-AIGOUAL,GSN,07560,TMAX,1949,2023
FR000007630,43.6208,1.3789,151,,TOULOUSE-BLAGNAC,GSN,07630,TMAX,1947,2023
FR000007650,43.4378,5.2158,9,,MARSEILLES-MARIGNANE,GSN,07650,TMAX,1921,2023
FR000007747,42.7369,2.8728,42,,PERPIGNAN,,07747,TMAX,1901,2023
FR069029001,45.7264,5.0778,235,,LYON - ST EXUPERY,,07480,TMAX,1920,2023
FRE00104036,50.1358,1.8339,69,,ABBEVILLE,,07005,TMAX,1922,2023
FRE00104040,50.57,3.0975,47,,LILLE-LESQUIN,,07015,TMAX,1944,2023
FRE00104044,49.18,0.4558,67,,CAEN-CARPIQUET,,07027,TMAX,1945,2023
FRE00104048,49.2094,4.1553,95,,REIMS-PRUNAY,,07072,TMAX,2012,2023
FRE00104052,48.4456,0.1103,143,,ALENCON-VALFRAMBERT,,07139,TMAX,1946,2023
FRE00104072,47.2678,5.0881,219,,DIJON-LONGVIC,,07280,TMAX,1921,2023
FRE00104088,46.5939,0.3142,123,,POITIERS - BIARD,,07335,TMAX,1921,2023
FRE00104092,45.7867,3.1492,331,,CLERMONT-FERRAND,,07460,TMAX,1923,2023
FRE00104116,43.1881,0,360,,TARBES - OSSUN,,07621,TMAX,1946,2023
FRE00104120,43.6489,7.2089,2,,NICE,,07690,TMAX,1942,2023
FRE00104124,42.5406,9.4853,10,,BASTIA,,07790,TMAX,1947,2023
FRE00104484,48.4442,-4.4117,94,,BREST-GUIPAVAS,,07110,TMAX,1945,2023
FRE00104907,44.5808,4.7331,73,,MONTELIMAR,,07577,TMAX,1920,2023
FRE00104937,49.7253,-1.9394,6,,PTE DE LA HAGUE,,07020,TMAX,1921,2023
FRE00106184,49.3831,1.1817,151,,ROUEN - BOOS,,07037,TMAX,1968,2023
FRE00106190,47.4442,0.7269,108,,TOURS,,07240,TMAX,1959,2023
FRE00106195,45.8608,1.175,402,,LIMOGES - BELLEGARDE,,07434,TMAX,1973,2023
FRE00106196,45.0742,3.7639,833,,LE PUY - LOUDES,,07471,TMAX,1983,2023
FRE00106200,44.1183,3.0183,712,,MILLAU,,07558,TMAX,1964,2023
FRE00106203,43.9094,0.5003,59,,MONT-DE-MARSAN,,07607,TMAX,1945,2023
FRE00106205,43.0053,1.1067,414,,ST-GIRONS,,07627,TMAX,1949,2023
FRE00106207,43.5767,3.9631,2,,MONTPELLIER-AEROPORT,,07643,TMAX,1946,2023
FRE00106209,41.9181,8.7928,5,,AJACCIO,,07761,TMAX,1949,2023
FRE00171619,48.3244,4.0197,112,,TROYES-BARBEREY,,07168,TMAX,1975,2023
FRE00171623,46.0467,-1.4117,11,,PTE DE CHASSIRON,,07314,TMAX,1917,2023
FRE00171627,48.8256,-3.4731,55,,PLOUMANAC'H,,07117,TMAX,1947,2023
FRE00171632,48.5808,5.9594,336,,NANCY-OCHEY,,07181,TMAX,1966,2023
FRM00007005,50.143,1.832,67.1,,ABBEVILLE,,07005,TMAX,1973,2023
FRM00007015,50.562,3.089,47.9,,LESQUIN,,07015,TMAX,1973,2023
FRM00007027,49.173,-0.45,78,,CARPIQUET,,07027,TMAX,1973,2023
FRM00007037,49.384,1.175,156.1,,VALLEE DE SEINE,,07037,TMAX,1973,2023
FRM00007072,49.217,4.15,96,,REIMS-PRUNAY,,07072,TMAX,2012,2023
FRM00007100,48.483,-5.05,68,,OUESSANT,,07100,TMAX,1973,2023
FRM00007110,48.448,-4.419,99.1,,GUIPAVAS,,07110,TMAX,1973,2023
FRM00007117,48.833,-3.467,58,,PLOUMANAC'H PERROS GUIREC,,07117,TMAX,1985,2023
FRM00007139,48.45,0.117,141,,ALENCON/VALFRAMBERT,,07139,TMAX,1973,2023
FRM00007149,48.7167,2.3842,89,,ORLY,,07149,TMAX,1921,2023
FRM00007150,48.9675,2.4275,67,,LE BOURGET,,07150,TMAX,1900,2023
FRM00007156,48.8217,2.3378,75,,PARIS-MONTSOURIS,,07156,TMAX,1983,2023
FRM00007168,48.322,4.017,118.3,,BARBEREY,,07168,TMAX,1978,2023
FRM00007180,48.692,6.23,228.9,,ESSEY,,07180,TMAX,1973,2023
FRM00007181,48.583,5.955,337.1,,OCHEY,,07181,TMAX,1973,2023
FRM00007207,47.2942,-3.2181,34,,BELLE ILE - LE TALUT,,07207,TMAX,1930,2023
FRM00007222,47.15,-1.6089,26,,NANTES-BOUGUENAIS,,07222,TMAX,1945,2023
FRM00007240,47.432,0.728,108.8,,VAL DE LOIRE,,07240,TMAX,1973,2023
FRM00007280,47.269,5.09,221.3,,LONGVIC,,07280,TMAX,1973,2023
FRM00007299,47.59,7.53,269.7,,BALE MULHOUSE,,07299,TMAX,1973,2023
FRM00007314,46.05,-1.417,22,,CHASSIRON,,07314,TMAX,1973,2023
FRM00007335,46.588,0.307,128.9,,BIARD,,07335,TMAX,1973,2023
FRM00007434,45.863,1.179,396.2,,BELLEGARDE,,07434,TMAX,1973,2023
FRM00007460,45.787,3.169,332.2,,AUVERGNE,,07460,TMAX,1973,2023
FRM00007471,45.081,3.763,832.4,,LOUDES,,07471,TMAX,1983,2023
FRM00007481,45.726,5.091,250.2,,SAINT EXUPERY,,07481,TMAX,1975,2023
FRM00007535,44.745,1.3967,260,,GOURDON,,07535,TMAX,1961,2023
FRM00007558,44.117,3.017,720,,MILLAU,,07558,TMAX,1973,2023
FRM00007607,43.912,-0.508,61.9,,MONT DE MARSAN,,07607,TMAX,1973,2023
FRM00007621,43.179,-0.006,384,,LOURDES,,07621,TMAX,1973,2023
FRM00007627,43.008,1.103,417,,ANTICHAN,,07627,TMAX,1973,2023
FRM00007643,43.576,3.963,5.2,,MEDITERRANEE,,07643,TMAX,1973,2023
FRM00007690,43.658,7.216,3.7,,COTE D AZUR,,07690,TMAX,1973,2023
FRM00007761,41.924,8.803,5.5,,CAMPO DELL ORO,,07761,TMAX,1973,2023
FRM00007790,42.553,9.484,7.9,,PORETTA,,07790,TMAX,1973,2023
FRM00061998,-49.35,70.25,30,,PORT-AUX-FRANCAIS (ILES KERGU,GSN,61998,TMAX,1973,2023
GM000001474,53.1017,8.7842,4,,BREMEN-SEEFAHRTSCHULE,,10224,TMAX,1890,2022
GM000002288,49.4253,7.7367,285,,KAISERSLAUTERN,,,TMAX,1901,2022
GM000002716,48.7703,9.1825,286,,STUTTGART-STADT,,10738,TMAX,1900,2022
GM000003038,53.6442,11.3883,59,,SCHWERIN,,10162,TMAX,1890,2022
GM000003319,52.4639,13.3017,51,,BERLIN-DAHLEM,,10381,TMAX,1876,2022
GM000003342,52.3833,13.0639,81,,POTSDAM,,10379,TMAX,1893,2022
GM000004063,49.8753,10.9217,240,,BAMBERG,,10675,TMAX,1879,2022
GM000004155,47.4219,10.9867,2964,,ZUGSPITZE,,10961,TMAX,1900,2022
GM000004199,48.1667,11.5025,515,,MUNCHEN-NYMPHENBURG,,10865,TMAX,1879,2022
GM000004204,50.9267,11.5842,155,,JENA STERNWARTE,,,TMAX,1824,2022
GM000010147,53.635,9.99,11,,HAMBURG FUHLSBUETTEL,GSN,10147,TMAX,1891,2022
GM000010393,52.2094,14.1203,98,,LINDENBERG,GSN,10393,TMAX,1906,2022
GM000010962,47.8017,11.0117,977,,HOHENPEISSENBERG,GSN,10962,TMAX,1879,2022
GME00102169,54.1667,6.35,0,,UFS TW EMS,,,TMAX,2000,2022
GME00102177,54.1764,7.8931,4,,HELGOLAND,,10015,TMAX,1952,2022
GME00102185,55.0125,8.4125,26,,LIST/SYLT,,10020,TMAX,1937,2022
GME00102193,54.5289,9.5492,43,,SCHLESWIG,,10035,TMAX,1947,2022
GME00102201,54.5294,11.0617,3,,WESTERMARKELSDORF/FEHMARN,,10055,TMAX,1948,2022
GME00102212,54.1817,12.0819,4,,ROSTOCK-WARNEMUNDE,,10170,TMAX,1947,2022
GME00102220,54.0978,13.4075,2,,GREIFSWALD,,10184,TMAX,1898,2022
GME00102228,53.3719,7.2242,0,,EMDEN-WOLTHUSEN,,10200,TMAX,1955,2022
GME00102244,52.4656,9.6794,55,,HANNOVER,,10338,TMAX,1935,2022
GME00102252,52.1031,11.5842,76,,MAGDEBURG,,10361,TMAX,1881,2022
GME00102268,51.2969,6.77,37,,DUSSELDORF,,10400,TMAX,1937,2022
GME00102284,51.1167,9.2831,174,,FRITZLAR,,,PRCP,2001,2022
GME00102292,51.4358,12.2414,131,,LEIPZIG-SCHKEUDITZ,,10469,TMAX,1934,2022
GME00102308,51.1631,14.9531,238,,GORLITZ,,10499,TMAX,1880,2022
GME00102324,50.3608,6.8703,485,,NURBURG-BARWEILER,,10506,TMAX,1995,2022
GME00102332,50.5625,10.3769,450,,MEININGEN,,10548,TMAX,1979,2022
GME00102340,50.9844,10.9631,316,,ERFURT-BINDERSLEBEN,,10554,TMAX,1935,2022
GME00102348,50.4292,12.9553,1213,,FICHTELBERG,,10578,TMAX,1890,2022
GME00102356,49.7714,9.9589,268,,WURZBURG,,10655,TMAX,1937,2022
GME00102364,50.3131,11.8775,565,,HOF,,10685,TMAX,1936,2022
GME00102372,49.2142,7.1081,320,,SAARBRUCKEN/ENSHEIM,,10708,TMAX,1951,2022
GME00102380,49.5042,11.0567,314,,NURNBERG,,10763,TMAX,1879,2022
GME00102388,48.8283,12.5603,351,,STRAUBING,,10788,TMAX,1951,2022
GME00102396,48.4264,10.9431,461,,AUGSBURG,,10852,TMAX,1941,2022
GME00102404,47.6781,9.1908,443,,KONSTANZ,,10929,TMAX,1972,2022
GME00102412,47.7242,10.3364,705,,KEMPTEN,,10946,TMAX,1952,2022
GME00111430,52.1353,7.7,48,,MUENSTER/OSNABRUECK (AIRPORT),,10315,TMAX,1989,2022
GME00111445,52.4683,13.4039,48,,BERLIN-TEMPELHOF,,10384,TMAX,1931,2022
GME00111457,51.1903,8.4681,839,,ALTASTENBERG,,10427,TMAX,1887,2022
GME00111464,51.1292,13.7558,227,,DRESDEN-KLOTZSCHE,,,SNWD,1926,2022
GME00111474,49.7492,6.6592,265,,TRIER-PETRISBERG,,10609,TMAX,1939,2022
GME00111503,48.9733,8.3308,116,,RHEINSTETTEN,,,TMAX,1948,2022
GME00111512,48.6892,9.2253,371,,STUTTGART/ECHTERDINGEN,,,TMAX,1953,2022
GME00114621,51.8,10.62,1142,,BROCKEN,,10453,TMAX,1896,2022
GME00115771,48.8292,9.2008,314,,STUTTGART-SCHNARRENBERG,,10739,TMAX,1958,2022
GME00120922,53.8631,8.1275,32,,LEUCHTTURM ALTE WESER,,,TMAX,1998,2022
GME00120934,47.8756,8.0044,1490,,FELDBERG/SCHWARZWALD,,10908,TMAX,1936,2022
GME00120946,48.4544,8.41,797,,FREUDENSTADT,,10815,TMAX,1949,2022
GME00120958,50.7992,6.025,231,,AACHEN-ORSBACH,,10505,TMAX,2011,2022
GME00120970,50.8819,12.13,311,,GERA-LEUMNITZ,,10567,TMAX,1952,2022
GME00120982,50.6008,8.6506,203,,GIESSEN/WETTENBERG,,10532,TMAX,1939,2022
GME00120994,53.0331,13.9931,54,,ANGERMUNDE,,10291,TMAX,1908,2022
GME00121006,49.1139,13.1353,1436,,GROSSER ARBER,,10791,TMAX,1949,2022
GME00121018,54.6817,13.4367,42,,ARKONA,,10091,TMAX,1947,2022
GME00121030,54.3756,10.1439,27,,KIEL-HOLTENAU,,10046,TMAX,1935,2022
GME00121042,50.8658,7.1583,92,,KOLN-BONN,,10513,TMAX,1931,2022
GME00121054,48.3656,7.8289,155,,LAHR,,10805,TMAX,1950,2022
GME00121066,54.5003,10.2744,5,,LEUCHTTURM KIEL,,,TMAX,1998,2022
GME00121078,51.7867,8.8394,157,,BAD LIPPSPRINGE,,10430,TMAX,1951,2022
GME00121090,53.3242,11.9333,81,,MARNITZ,,10264,TMAX,1902,2022
GME00121102,53.7139,7.1525,11,,NORDERNEY,,10113,TMAX,1947,2022
GME00121114,47.3989,10.2767,806,,OBERSTDORF,,10948,TMAX,1910,2022
GME00121126,49.2081,9.5183,276,,OHRINGEN,,10742,TMAX,1947,2022
GME00121138,49.0433,12.1031,365,,REGENSBURG,,10776,TMAX,1879,2022
GME00121162,48.6667,9.8656,734,,STOTTEN,,10836,TMAX,1947,2022
GME00121174,50.4978,9.9439,921,,WASSERKUPPE,,10544,TMAX,1936,2022
GME00121186,49.6669,12.1856,440,,WEIDEN,,10688,TMAX,1947,2022
GME00121210,48.5458,13.3544,476,,FURSTENZELL,,10895,TMAX,1997,2022
GME00121222,49.9475,7.2644,497,,HAHN,,,TMAX,1998,2022
GME00121246,50.0892,8.7864,119,,OFFENBACH-WETTERPARK,,10641,TMAX,2005,2022
GME00121258,51.7775,14.3183,69,,COTTBUS,,10496,TMAX,1888,2022
GME00121270,53.8731,8.7067,5,,CUXHAVEN,,10131,TMAX,1946,2022
GME00121282,54.1667,7.45,0,,UFS DEUTSCHE BUCHT,,,TMAX,1998,2022
GME00121306,51.6467,13.5767,97,,DOBERLUG-KIRCHHAIN,,,TMAX,1948,2022
GME00121354,51.0233,13.8494,114,,DRESDEN-HOSTERWITZ,,,TMAX,1949,2022
GME00121366,51.0253,13.7756,119,,DRESDEN-STREHLEN,,,TMAX,1936,2022
GME00121378,52.2183,12.165,80,,DREWITZ BEI BURG,,,TMAX,1993,2022
GME00121402,49.4728,8.1939,107,,BAD DURKHEIM,,,TMAX,1952,2022
GME00121510,48.1008,11.9883,592,,EBERSBERG-HALBING,,,TMAX,1978,2022
GME00121534,49.8531,10.5003,346,,EBRACH,,,TMAX,1963,2022
GME00121546,54.6294,9.3669,18,,EGGEBEK,,,PRCP,1979,2022
GME00121582,48.8789,11.2358,384,,EICHSTATT-LANDERSHOFEN,,,TMAX,1955,2022
GME00121654,48.9903,10.1317,460,,ELLWANGEN-RINDELBACH,,,TMAX,1941,2022
GME00121666,54.0708,9.0114,3,,ELPERSBUTTEL,,,TMAX,1998,2022
GME00121702,50.2717,12.2753,560,,BAD-SOHL ELSTER,,,TMAX,1948,2022
GME00121714,48.2019,8.1094,440,,ELZACH-FISNACHT,,,TMAX,1987,2022
GME00121750,48.1383,7.8356,201,,EMMENDINGEN-MUNDINGEN,,,TMAX,1975,2022
GME00121822,49.1675,8.8531,220,,EPPINGEN-ELSENZ,,,TMAX,2002,2022
GME00121834,47.8364,10.8719,756,,ALTENSTADT,,,PRCP,2001,2022
GME00121846,54.3008,9.3169,18,,ERFDE,,,TMAX,1964,2022
GME00121882,49.6506,11.0083,268,,MOHRENDORF-KLEINSEEBACH,,,TMAX,1949,2022
GME00121930,51.1844,10.065,170,,ESCHWEGE,,,TMAX,1948,2022
GME00121954,53.6881,13.2631,30,,ALTENTREPTOW,,,PRCP,1890,2022
GME00121966,51.2553,8.1569,351,,ESLOHE,,,TMAX,1938,2022
GME00121978,51.4056,6.9683,150,,ESSEN-BREDENEY,,,TMAX,1935,2022
GME00121990,51.0892,12.9342,296,,ALTGERINGSWALDE,,,TMAX,2004,2022
GME00122002,50.7131,6.7917,146,,WEILERSWIST-LOMMERSUM,,,TMAX,1937,2022
GME00122038,48.4842,12.7256,472,,KR.ROTTAL-INN FALKENBERG,,,TMAX,1966,2022
GME00122050,52.9192,10.1839,73,,FASSBERG,,,PRCP,2001,2022
GME00122086,49.9817,11.8392,657,,FICHTELBERG/OBERFRANKEN-HUTTST,,,TMAX,1948,2022
GME00122098,51.51,6.7019,25,,DUISBURG-BAERL,,,TMAX,2007,2022
GME00122122,52.0831,9.4081,77,,HAMELN-HASTENBECK,,,TMAX,2007,2022
GME00122134,51.5981,7.4056,68,,WALTROP-ABDINGHOF,,,TMAX,2007,2022
GME00122146,51.3342,7.3417,205,,GEVELSBERG-OBERBROKING,,,TMAX,2008,2022
GME00122158,48.5742,12.2589,490,,LANDSHUT-REITHOF,,,TMAX,2008,2022
GME00122170,50.6825,11.5164,280,,ROCKENDORF,,,TMAX,2007,2022
GME00122182,51.0908,7.6294,380,,MEINERZHAGEN-REDLENDORF,,,TMAX,2007,2022
GME00122194,50.5058,10.1681,363,,FLADUNGEN-HEUFURT,,,PRCP,1931,2022
GME00122218,52.2478,10.9603,110,,HELMSTEDT-EMMERSTEDT,,,TMAX,2008,2022
GME00122290,49.7328,12.3506,622,,FLOSSENBURG,,,PRCP,1987,2022
GME00122326,50.5317,10.0492,745,,BIRX/RHON,,,TMAX,1949,2022
GME00122362,50.1281,8.6703,124,,FRANKFURT/MAIN-WESTEND,,,TMAX,1985,2022
GME00122386,52.3653,14.5378,48,,FRANKFURT/ODER,,,PRCP,1951,2022
GME00122410,48.4067,11.3131,510,,ALTOMUNSTER-MAISBRUNN,,,TMAX,1955,2022
GME00122422,50.1517,6.5531,530,,HERSDORF-WEISSENSEIFEN,,,PRCP,1961,2022
GME00122434,48.2028,7.9342,481,,FREIAMT-OTTOSCHWANDEN,,,PRCP,1971,2022
GME00122446,50.9281,13.3389,380,,FREIBERG,,,PRCP,1945,2022
GME00122458,48.0242,7.8353,236,,FREIBURG,,,TMAX,1881,2022
GME00122482,53.8292,9.2494,2,,FREIBURG/ELBE,,,TMAX,1970,2022
GME00122494,49.1792,11.375,436,,FREYSTADT-OBERNDORF,,,PRCP,1941,2022
GME00122542,53.0894,7.9425,8,,FRIESOYTHE-EDEWECHTERDAM,,,TMAX,1947,2022
GME00122566,49.7281,8.1167,215,,ALZEY,,,TMAX,1951,2022
GME00122602,49.47,11.8558,383,,AMBERG-UNTERAMMERSRICHT,,,TMAX,1947,2022
GME00122626,50.5344,9.6758,255,,FULDA,,,TMAX,1949,2022
GME00122638,52.5142,11.3978,47,,GARDELEGEN,,,TMAX,1947,2022
GME00122650,48.0206,12.2939,515,,AMERANG-PFAFFING,,,TMAX,1994,2022
GME00122698,49.985,7.9544,110,,GEISENHEIM,,,TMAX,1884,2022
GME00122710,47.925,8.6481,672,,GEISINGEN,,,TMAX,2009,2022
GME00122734,48.9489,11.43,536,,GELBELSEE,,,TMAX,1998,2022
GME00122746,51.4956,6.2467,37,,GELDERN-WALBECK,,,TMAX,1963,2022
GME00122770,48.4339,7.9933,176,,OHLSBACH,,,TMAX,1970,2022
GME00122782,52.3892,12.1633,35,,GENTHIN,,,TMAX,1953,2022
GME00122806,49.7725,8.5306,96,,GERNSHEIM-ALLMENDFELD,,,PRCP,1941,2022
GME00122818,50.2778,9.9156,550,,GERODA-PLATZ,,,PRCP,1949,2022
GME00122842,50.9664,9.0503,340,,GILSERBERG-MOISCHEID,,,TMAX,1949,2022
GME00122854,54.8489,9.5081,27,,GLUCKSBURG-MEIERWIK,,,PRCP,1988,2022
GME00122878,53.8431,13.6856,9,,ANKLAM,,,TMAX,2004,2022
GME00122890,49.7667,11.3075,443,,GOSSWEINSTEIN,,,PRCP,1931,2022
GME00122902,51.5017,9.9528,167,,GOTTINGEN,,,TMAX,1927,2022
GME00122938,49.665,11.2253,506,,GRAFENBERG-KASBERG,,,TMAX,1991,2022
GME00122962,48.7903,13.6306,628,,GRAINET-REHBERG,,,TMAX,1957,2022
GME00122974,53.5744,10.6806,27,,GRAMBEK,,,TMAX,1951,2022
GME00123058,54.0731,12.3256,34,,GROSS LUSEWITZ,,,TMAX,1967,2022
GME00123094,47.9417,11.9014,517,,FELDKIRCHEN-WESTERHAM-LENZMUHL,,,PRCP,1959,2022
GME00123130,50.2675,9.1889,258,,GRUNDAU-BREITENBORN,,,TMAX,1995,2022
GME00123142,53.3167,13.9358,56,,GRUNOW,,,TMAX,1973,2022
GME00123178,51.8889,8.3553,72,,GUTERSLOH,,,PRCP,1938,2022
GME00123190,49.9706,9.9125,220,,ARNSTEIN-MUDESHEIM,,,TMAX,1986,2022
GME00123226,49.9325,6.3756,305,,OLSDORF,,,TMAX,1952,2022
GME00123274,53.4792,9.8983,3,,HAMBURG-NEUWIEDENTHAL,,,TMAX,1962,2022
GME00123310,51.3756,11.2931,164,,ARTERN,,,TMAX,1954,2022
GME00123370,52.7214,10.6,108,,HANKENSBUTTEL,,,PRCP,1961,2022
GME00123382,48.7928,10.7075,502,,HARBURG,,,TMAX,1998,2022
GME00123394,49.9789,9.1125,110,,ASCHAFFENBURG,,,PRCP,1941,2022
GME00123418,51.6531,11.1375,404,,HARZGERODE,,,TMAX,1945,2022
GME00123466,48.3758,8.9808,522,,HECHINGEN,,,TMAX,1947,2022
GME00123538,48.6731,10.1331,500,,HEIDENHEIM/BRENZ,,,PRCP,1931,2022
GME00123574,51.0425,6.1044,57,,HEINSBERG-SCHLEIDEN,,,TMAX,1963,2022
GME00123586,50.5808,8.4692,200,,ASSLAR KLEIN-ALTENSTADTEN,,,PRCP,1981,2022
GME00123646,48.5928,8.8553,430,,HERRENBERG,,,PRCP,1978,2022
GME00123694,50.8531,9.7383,272,,BAD HERSFELD,,,TMAX,1949,2022
GME00123718,51.6267,10.3717,238,,HERZBERG,,,TMAX,1991,2022
GME00123730,47.8781,11.3656,672,,ATTENKAM,,,TMAX,1941,2022
GME00123754,54.5767,13.1056,1,,HIDDENSEE-VITTE,,,TMAX,1931,2022
GME00123778,50.7381,7.6533,295,,HILGENROTH,,,TMAX,1937,2022
GME00123838,50.5917,12.7156,387,,AUE,,,TMAX,1977,2022
GME00123862,50.9006,14.7475,270,,BERTSDORF-HORNITZ,,,TMAX,1947,2022
GME00123898,50.1364,10.5167,263,,HOFHEIM,,,PRCP,1949,2022
GME00123922,54.3128,9.5392,10,,HOHN,,,PRCP,1981,2022
GME00123934,54.3206,10.6742,10,,HOHWACHT,,,TMAX,1977,2022
GME00123946,51.7683,13.1681,81,,HOLZDORF (FLUGPLATZ),,,PRCP,2001,2022
GME00123970,47.8831,11.6975,685,,HOLZKIRCHEN,,,TMAX,1982,2022
GME00123994,51.8553,9.4975,110,,KR. HOLZMINDEN BEVERN,,,TMAX,1951,2022
GME00124030,49.3292,7.3567,235,,HOMBURG/SAAR,,,PRCP,1951,2022
GME00124102,50.5664,7.4844,328,,HUMMERICH,,,TMAX,1982,2022
GME00124126,49.7,7.3331,376,,IDAR-OBERSTEIN,,,PRCP,2001,2022
GME00124138,48.0428,7.6328,193,,IHRINGEN,,,PRCP,1990,2022
GME00124186,48.7156,11.5333,364,,INGOLSTADT (FLUGPLATZ),,,PRCP,2001,2022
GME00124222,53.9894,9.5694,21,,ITZEHOE,,,TMAX,2003,2022
GME00124234,54.4567,9.5206,21,,SCHLESWIG-JAGEL,,,PRCP,1988,2022
GME00124306,52.0017,13.1039,75,,JUTERBOG,,,PRCP,1951,2022
GME00124318,50.0656,8.9942,107,,KAHL/MAIN,,,TMAX,1947,2022
GME00124330,48.9181,9.6881,489,,KAISERSBACH-CRONHUTTE,,,TMAX,2011,2022
GME00124366,50.5028,6.5267,505,,KALL-SISTIG,,,TMAX,1947,2022
GME00124450,48.5583,7.8808,141,,KEHL-ODELSHOFEN,,,PRCP,1961,2022
GME00124474,49.1814,9.9808,426,,KIRCHBERG/JAGST-HERBOLDSHAUSEN,,,TMAX,2007,2022
GME00124486,54.0008,11.4358,12,,KIRCHDORF/POEL,,,TMAX,1887,2022
GME00124498,48.7278,8.2467,240,,BADEN-BADEN-GEROLDSAU,,,TMAX,1949,2022
GME00124510,50.2256,10.0803,282,,BAD KISSINGEN,,,TMAX,1946,2022
GME00124522,47.8069,7.6392,273,,MULLHEIM,,,TMAX,1947,2022
GME00124534,49.7369,10.1792,188,,KITZINGEN,,,TMAX,1982,2022
GME00124546,50.2225,8.4481,826,,KLEINER FELDBERG/TAUNUS,,,TMAX,1936,2022
GME00124570,50.8469,10.4814,732,,KLEINER INSELSBERG,,,TMAX,1958,2022
GME00124594,51.5567,13.8864,128,,KLETTWITZ,,,TMAX,1996,2022
GME00124606,51.7625,6.0956,46,,KLEVE,,,TMAX,1904,2022
GME00124630,51.5203,12.9078,85,,KLITZSCHEN BEI TORGAU,,,TMAX,1994,2022
GME00124678,50.2853,10.4467,288,,BAD KONIGSHOFEN,,,TMAX,1951,2022
GME00124690,53.2292,9.6533,40,,KONIGSMOOR,,,PRCP,1931,2022
GME00124726,48.8308,11.4883,417,,KOSCHING,,,TMAX,1961,2022
GME00124762,51.7528,12.0092,76,,KOTHEN (ANHALT),,,TMAX,1993,2022
GME00124774,47.6658,11.0817,740,,BAD KOHLGRUB (ROSSHOF),,,TMAX,1991,2022
GME00124810,50.2533,11.3219,312,,KRONACH,,,TMAX,1949,2022
GME00124846,49.4289,11.9019,417,,KUMMERSBRUCK,,,PRCP,2001,2022
GME00124918,53.9167,12.2831,40,,LAAGE (FLUGPLATZ),,,PRCP,2001,2022
GME00124930,48.5131,9.7656,685,,MERKLINGEN,,,TMAX,1949,2022
GME00125026,51.9183,13.0889,91,,LANGENLIPSDORF,,,TMAX,1993,2022
GME00125074,51.3925,11.88,119,,BAD LAUCHSTADT,,,TMAX,1947,2022
GME00125098,48.2181,9.9094,539,,LAUPHEIM,,,PRCP,2001,2022
GME00125122,48.1864,10.8506,550,,LECHFELD,,,PRCP,2001,2022
GME00125146,54.7925,8.9492,7,,LECK,,,TMAX,1974,2022
GME00125218,51.3164,12.4475,138,,LEIPZIG-HOLZHAUSEN,,,TMAX,1863,2022
GME00125230,51.1344,8.0358,286,,LENNESTADT-THETEN,,,TMAX,1962,2022
GME00125254,52.3208,9.4306,110,,BARSINGHAUSEN-HOHENBOSTEL,,,TMAX,1992,2022
GME00125278,53.1025,11.4878,20,,LENZEN/ELBE,,,TMAX,1994,2022
GME00125302,50.9906,6.9783,43,,KOLN-STAMMHEIM,,,TMAX,1945,2022
GME00125314,50.9394,14.2108,321,,LICHTENHAIN-MITTELNDORF,,,TMAX,1991,2022
GME00125326,54.3406,12.7106,3,,BARTH,,,TMAX,1947,2022
GME00125422,51.6344,8.3953,92,,LIPPSTADT-BOKENFORDE,,,TMAX,1980,2022
GME00125434,50.4519,11.6333,500,,BAD LOBENSTEIN,,,TMAX,1991,2022
GME00125446,52.0619,13.5028,55,,BARUTH,,,TMAX,1998,2022
GME00125458,50.5633,8.24,230,,LOHNBERG-OBERSHAUSEN,,,TMAX,1993,2022
GME00125530,51.9281,13.8819,57,,LUBBEN-BLUMENFELDE,,,TMAX,1991,2022
GME00125554,53.8106,10.7067,5,,LUBECK-BLANKENSEE,,,TMAX,1985,2022
GME00125602,51.2467,7.6431,387,,LUDENSCHEID,,,TMAX,1994,2022
GME00125638,50.7675,10.7214,528,,LUISENTHAL (TALSPERRE ),,,PRCP,1979,2022
GME00125662,49.9681,8.2117,195,,MAINZ-LERCHENBERG (ZDF),,,TMAX,1948,2022
GME00125686,48.7781,12.2544,410,,MALLERSDORF/NIEDERBAYERN,,,TMAX,1953,2022
GME00125698,51.1617,14.5056,232,,KR. BAUTZEN KUBSCHUTZ,,,TMAX,1945,2022
GME00125710,50.1028,6.8019,413,,MANDERSCHEID-SONNENHOF,,,TMAX,1961,2022
GME00125746,50.8503,8.7742,182,,KR. MARBURG-BIEDENKOPF COLBE,,,TMAX,1946,2022
GME00125794,50.7344,10.8831,430,,MARTINRODA,,,TMAX,1983,2022
GME00125806,49.9678,11.5208,350,,HEINERSREUTH-VOLLHOF,,,TMAX,1879,2022
GME00125818,48.9367,13.5781,1004,,MAUTH-FINSTERAU,,,PRCP,1941,2022
GME00125866,51.7269,11.5125,107,,MEHRINGEN,,,TMAX,2006,2022
GME00125890,51.1306,13.4342,157,,GARSEBACH BEI MEISSEN,,,TMAX,1956,2022
GME00125902,52.2056,8.3392,89,,MELLE,,,PRCP,1931,2022
GME00125914,47.9831,10.1392,615,,MEMMINGEN,,,TMAX,1961,2022
GME00125962,52.7331,7.3331,19,,MEPPEN,,,PRCP,2001,2022
GME00125974,49.4781,9.7631,250,,BAD-NEUNKIRCHEN MERGENTHEIM,,,TMAX,1947,2022
GME00126010,48.8556,12.9203,313,,METTEN,,,TMAX,1941,2022
GME00126022,48.5383,9.2742,355,,METZINGEN,,,TMAX,2003,2022
GME00126046,49.67,9.0119,240,,MICHELSTADT,,,TMAX,1987,2022
GME00126058,49.7189,9.1006,453,,MICHELSTADT-VIELBRUNN,,,TMAX,1987,2022
GME00126070,50.7294,11.7856,349,,SCHMIERITZ-WELTWITZ,,,TMAX,1972,2022
GME00126082,49.7131,9.2267,128,,MILTENBERG,,,PRCP,1931,2022
GME00126106,47.4783,11.2667,981,,MITTENWALD-BUCKELWIESEN,,,TMAX,1937,2022
GME00126118,49.5628,8.9689,450,,BEERFELDEN,,,TMAX,1937,2022
GME00126154,49.7656,9.2542,239,,ROLLBACH,,,TMAX,2006,2022
GME00126178,50.4392,7.8064,265,,MONTABAUR,,,TMAX,1938,2022
GME00126190,51.7217,9.8358,240,,MORINGEN-LUTTERBECK,,,TMAX,1990,2022
GME00126226,48.28,12.5039,405,,MUHLDORF,,,TMAX,1953,2022
GME00126250,52.5189,14.125,63,,MUNCHEBERG,,,TMAX,1949,2022
GME00126322,48.3864,9.4842,750,,MUNSINGEN-APFELSTETTEN,,,TMAX,1946,2022
GME00126358,51.5675,14.7006,125,,BAD MUSKAU,,,TMAX,1936,2022
GME00126370,52.3181,8.1706,103,,BELM,,,TMAX,2010,2022
GME00126382,48.5675,8.7192,380,,NAGOLD,,,PRCP,1941,2022
GME00126394,50.3694,8.7656,142,,BAD NAUHEIM,,,TMAX,1947,2022
GME00126418,48.7092,11.21,380,,NEUBURG/DONAU (FLUGPLATZ),,,PRCP,2001,2022
GME00126430,48.3125,10.3781,495,,NEUBURG/KAMMEL-LANGENHASLACH,,,TMAX,1991,2022
GME00126466,50.5356,7.0853,111,,BAD-AHRWEILER NEUENAHR,,,TMAX,1948,2022
GME00126478,53.1031,13.0439,77,,MENZ,,,TMAX,2004,2022
GME00126490,50.5014,11.1356,845,,NEUHAUS AM RENNWEG,,,TMAX,1955,2022
GME00126514,47.9531,8.9942,663,,NEUHAUSEN OB ECK-UNTERSCHWANDO,,,PRCP,1993,2022
GME00126526,50.8933,9.4064,500,,NEUKIRCHEN-HAUPTSCHWENDA,,,TMAX,1947,2022
GME00126562,50.8456,7.3719,195,,NEUNKIRCHEN-SEELSCHEID-KRAWINK,,,TMAX,1992,2022
GME00126586,49.3444,7.2303,236,,NEUNKIRCHEN-WELLESWEILER,,,TMAX,1970,2022
GME00126622,49.8183,11.8653,452,,NEUSTADT AM KULM-FILCHENDORF,,,TMAX,2008,2022
GME00126670,48.9842,12.1456,341,,REGENSBURG-BURGWEINTING,,,PRCP,1981,2022
GME00126694,50.6756,6.4242,350,,NIDEGGEN-SCHMIDT,,,TMAX,1994,2022
GME00126718,49.3992,9.9653,473,,NIEDERSTETTEN,,,PRCP,2001,2022
GME00126730,48.5342,10.2442,451,,NIEDERSTOTZINGEN,,,PRCP,1931,2022
GME00126742,52.6725,9.2242,25,,NIENBURG,,,TMAX,1947,2022
GME00126754,48.8264,10.5078,435,,REIMLINGEN,,,TMAX,1947,2022
GME00126766,50.8289,6.6592,111,,NORVENICH (FLUGPLATZ),,,PRCP,2001,2022
GME00126778,53.7644,8.6575,25,,NORDHOLZ (FLUGPLATZ),,,PRCP,2001,2022
GME00126790,52.4408,7.1056,24,,NORDHORN,,,PRCP,1931,2022
GME00126838,49.4267,11.2553,368,,NURNBERG-NETZSTALL,,,TMAX,1975,2022
GME00126874,47.6192,12.1681,518,,KIEFERSFELDEN-GACH,,,TMAX,1947,2022
GME00126886,52.8167,9.9331,70,,BERGEN,,,PRCP,2001,2022
GME00126898,48.3156,8.5742,480,,OBERNDORF/NECKAR-AISTAIG,,,PRCP,1982,2022
GME00126910,48.2444,11.5539,484,,OBERSCHLEISSHEIM,,,PRCP,1976,2022
GME00126922,49.1289,9.3533,230,,OBERSULM-WILLSBACH,,,TMAX,2004,2022
GME00126946,49.4531,12.4381,596,,OBERVIECHTACH,,,TMAX,1948,2022
GME00127030,49.1081,7.9969,252,,BAD BERGZABERN,,,TMAX,1947,2022
GME00127090,51.0883,11.9314,246,,OSTERFELD,,,TMAX,1984,2022
GME00127114,50.455,10.2219,312,,OSTHEIM V.D. RHON,,,TMAX,1972,2022
GME00127138,47.6367,10.3903,872,,OY-MITTELBERG-PETERSTHAL,,,TMAX,1993,2022
GME00127150,53.0656,7.4819,7,,PAPENBURG,,,PRCP,1950,2022
GME00127174,49.1517,11.6908,549,,PARSBERG/OBERPFALZ-EGLWANG,,,TMAX,1950,2022
GME00127186,48.5817,13.4167,327,,PASSAU-MAIERHOF,,,PRCP,1879,2022
GME00127222,54.0906,10.8783,1,,PELZERHAKEN,,,TMAX,1998,2022
GME00127246,49.5367,6.3808,152,,PERL-NENNIG,,,TMAX,1965,2022
GME00127258,50.985,8.3689,610,,BAD-STUNZEL BERLEBURG,,,TMAX,1986,2022
GME00127306,48.9328,8.6967,333,,PFORZHEIM-ISPRINGEN,,,TMAX,2005,2022
GME00127318,47.9353,9.2878,630,,PFULLENDORF,,,TMAX,1958,2022
GME00127342,49.1919,7.5881,390,,PIRMASENS,,,TMAX,1950,2022
GME00127354,50.4831,12.1317,386,,PLAUEN,,,TMAX,1882,2022
GME00127390,49.4789,11.5367,522,,POMMELSBRUNN-MITTELBURG,,,TMAX,1993,2022
GME00127438,52.6325,13.5039,60,,BERLIN-BUCH,,,TMAX,1961,2022
GME00127462,54.3656,13.4783,40,,PUTBUS,,,TMAX,1853,2022
GME00127498,51.7967,11.1331,142,,QUEDLINBURG,,,TMAX,1945,2022
GME00127510,51.3906,11.5428,204,,QUERFURT-MUHLE LODERSLEBEN,,,TMAX,1995,2022
GME00127534,53.7344,9.8783,13,,QUICKBORN,,,TMAX,1974,2022
GME00127546,47.7467,9.0017,407,,RADOLFZELL-MARKELFINGEN,,,PRCP,1953,2022
GME00127558,52.4481,8.5731,42,,RAHDEN-VARL,,,TMAX,1951,2022
GME00127582,48.8478,8.1869,114,,RASTATT,,,PRCP,1937,2022
GME00127618,47.8069,9.6217,440,,KR. RAVENSBURG WEINGARTEN,,,TMAX,1946,2022
GME00127678,50.5614,13.2239,764,,MARIENBERG-REITZENHAIN,,,PRCP,1947,2022
GME00127726,48.7433,8.925,478,,RENNINGEN-IHINGER HOF,,,TMAX,2004,2022
GME00127750,48.6708,7.9956,131,,RHEINAU-MEMPRECHTSHOFEN,,,TMAX,1958,2022
GME00127786,47.5633,7.7942,287,,RHEINFELDEN,,,TMAX,1953,2022
GME00127810,48.1489,9.4606,533,,KREIS BIBERACH ALTHEIM,,,TMAX,2004,2022
GME00127822,52.5458,13.5617,60,,BERLIN-MARZAHN,,,TMAX,1993,2022
GME00127894,47.8758,12.1292,444,,ROSENHEIM,,,TMAX,1950,2022
GME00127906,53.1303,9.3406,32,,ROTENBURG (WUMME),,,TMAX,1946,2022
GME00127930,52.3819,13.5325,46,,BERLIN-SCHONEFELD,,,TMAX,1957,2022
GME00127942,49.2158,11.1025,385,,ROTH,,,TMAX,2013,2022
GME00127954,49.3856,10.1742,415,,ROTHENBURG OB DER TAUBER,,,TMAX,1947,2022
GME00127966,52.1053,8.1828,95,,BAD ROTHENFELDE,,,PRCP,1951,2022
GME00127978,48.4714,8.9694,360,,ROTTENBURG-KIEBINGEN,,,PRCP,1979,2022
GME00128002,48.1819,8.6358,588,,ROTTWEIL,,,TMAX,1957,2022
GME00128014,49.8517,7.8725,102,,BAD KREUZNACH,,,TMAX,1947,2022
GME00128038,49.6478,7.8842,461,,RUPPERTSECKEN,,,TMAX,1969,2022
GME00128110,48.9578,9.0719,248,,SACHSENHEIM,,,TMAX,1987,2022
GME00128134,48.7842,13.3158,456,,SALDENBURG-ENTSCHENREUTH,,,TMAX,1985,2022
GME00128170,52.0792,9.5531,175,,SALZHEMMENDORF-LAUENSTEIN,,,PRCP,1992,2022
GME00128182,52.1056,8.7531,135,,BAD SALZUFLEN,,,TMAX,1935,2022
GME00128194,52.8581,11.1442,23,,SALZWEDEL,,,PRCP,1936,2022
GME00128206,50.3531,10.0042,510,,SANDBERG,,,TMAX,1965,2022
GME00128218,54.3294,8.6028,5,,SANKT PETER-ORDING,,,TMAX,1951,2022
GME00128266,49.9203,8.9681,155,,SCHAAFHEIM-SCHLIERBACH,,,TMAX,1979,2022
GME00128278,47.9608,7.7125,215,,SCHALLSTADT-MENGEN,,,PRCP,1947,2022
GME00128350,51.7667,10.655,609,,SCHIERKE,,,TMAX,1902,2022
GME00128362,51.8231,11.7114,84,,BERNBURG/SAALE (NORD),,,TMAX,1898,2022
GME00128374,50.5706,11.8056,501,,SCHLEIZ,,,TMAX,1951,2022
GME00128422,50.3456,9.555,230,,SCHLUCHTERN-HEROLZ,,,TMAX,1985,2022
GME00128470,49.4231,6.8403,223,,SCHMELZ-HUTTERSDORF,,,PRCP,1966,2022
GME00128482,52.935,8.2356,44,,GROSSENKNETEN,,,TMAX,1971,2022
GME00128494,50.6556,10.7708,937,,SCHMUCKE,,,TMAX,1936,2022
GME00128506,50.3,6.4169,649,,SCHNEIFELFORSTHAUS,,,TMAX,1953,2022
GME00128530,50.2056,12.145,609,,SELB/OBERFRANKEN-LAUTERBACH,,,TMAX,2007,2022
GME00128542,47.6469,7.8442,400,,SCHOPFHEIM-EICHEN,,,PRCP,1953,2022
GME00128554,49.1656,12.6192,399,,SCHORNDORF-KNOBLING,,,TMAX,1996,2022
GME00128566,50.4939,9.1239,265,,SCHOTTEN,,,PRCP,1949,2022
GME00128614,49.0828,9.6881,349,,SCHWABISCH HALL-BIBERSFELD,,,PRCP,1931,2022
GME00128650,49.3289,12.0883,356,,SCHWANDORF,,,TMAX,1955,2022
GME00128686,50.6456,11.1944,277,,SCHWARZBURG,,,TMAX,1949,2022
GME00128734,52.8928,11.7306,21,,SEEHAUSEN,,,TMAX,1976,2022
GME00128758,51.9056,10.19,186,,SEESEN,,,TMAX,1937,2022
GME00128818,48.0728,9.1953,580,,SIGMARINGEN-LAIZ,,,TMAX,1951,2022
GME00128830,47.5783,9.7417,507,,SIGMARSZELL-ZEISERTSWEILER,,,TMAX,1988,2022
GME00128854,48.2728,13.0289,360,,SIMBACH/INN,,,TMAX,1981,2022
GME00128866,50.0017,7.5969,437,,SIMMERN-WAHLBACH,,,TMAX,1948,2022
GME00128902,51.1408,7.0942,154,,SOLINGEN-HOHENSCHEID,,,PRCP,1931,2022
GME00128914,52.9617,9.7967,76,,SOLTAU,,,TMAX,1947,2022
GME00128962,51.0617,9.9275,365,,SONTRA,,,TMAX,1961,2022
GME00128974,51.2814,9.9858,199,,BAD SOODEN-ALLENDORF,,,PRCP,1941,2022
GME00129010,50.9208,8.5278,349,,BIEDENKOPF,,,PRCP,1931,2022
GME00129022,50.1542,11.7417,598,,STAMMBACH-QUERENBACH,,,PRCP,1941,2022
GME00129046,53.6956,8.875,1,,KR. CUXHAVEN STEINAU,,,TMAX,1998,2022
GME00129070,53.5528,9.6092,1,,MITTELNKIRCHEN-HOHENFELDE,,,TMAX,1990,2022
GME00129082,51.6692,10.8833,494,,STIEGE,,,TMAX,1930,2022
GME00129094,47.86,9.0164,532,,STOCKACH,,,PRCP,1977,2022
GME00129106,54.6667,9.8044,40,,WAGERSROTT,,,TMAX,1974,2022
GME00129166,50.6394,10.0231,395,,TANN/RHON,,,TMAX,1986,2022
GME00129190,50.9789,12.3444,193,,TEGKWITZ,,,TMAX,1994,2022
GME00129202,53.7625,12.5581,38,,TETEROW,,,TMAX,1947,2022
GME00129214,53.2775,8.9867,7,,WORPSWEDE-HUTTENBUSCH,,,TMAX,1952,2022
GME00129226,50.4014,11.3903,633,,TEUSCHNITZ,,,TMAX,1948,2022
GME00129250,49.4744,7.0392,386,,THOLEY,,,TMAX,1975,2022
GME00129274,49.8819,9.8464,185,,THUNGERSHEIM,,,PRCP,1986,2022
GME00129298,49.8589,12.3556,500,,TIRSCHENREUTH-LODERMUHL,,,TMAX,1967,2022
GME00129346,51.2908,6.445,37,,TONISVORST,,,TMAX,1954,2022
GME00129418,54.0681,12.7689,10,,TRIBSEES,,,TMAX,1991,2022
GME00129430,49.7325,6.6131,132,,TRIER-ZEWEN,,,TMAX,1907,2022
GME00129478,48.0317,12.5408,559,,TROSTBERG,,,TMAX,1945,2022
GME00129514,47.9558,8.7575,675,,TUTTLINGEN-MOHRINGEN,,,PRCP,1981,2022
GME00129526,51.3356,8.9142,295,,TWISTETAL-MUHLHAUSEN,,,TMAX,1998,2022
GME00129550,53.7458,14.0694,1,,UECKERMUNDE,,,TMAX,1947,2022
GME00129562,52.9428,10.53,50,,UELZEN,,,TMAX,1951,2022
GME00129574,49.5753,10.1928,308,,GOLLHOFEN,,,TMAX,1951,2022
GME00129598,52.1617,11.1767,162,,UMMENDORF,,,TMAX,1987,2022
GME00129634,48.0458,8.4617,720,,VILLINGEN-SCHWENNINGEN,,,TMAX,1947,2022
GME00129718,49.2456,8.5381,105,,WAGHAUSEL-KIRRLACH,,,TMAX,1985,2022
GME00129742,51.6194,9.5769,176,,WAHLSBURG-LIPPOLDSBERG,,,TMAX,1951,2022
GME00129754,53.9214,10.2306,39,,WITTENBORN,,,TMAX,1981,2022
GME00129814,50.2608,8.3608,380,,WALDEMS-REINBORN,,,TMAX,1951,2022
GME00129862,50.8975,10.5494,353,,WALTERSHAUSEN,,,TMAX,1945,2022
GME00129874,53.7883,7.9075,3,,WANGEROOGE,,,PRCP,1885,2022
GME00129886,51.5053,9.1128,236,,WARBURG,,,TMAX,1998,2022
GME00129898,53.5214,12.6692,70,,WAREN,,,TMAX,1889,2022
GME00129910,50.0367,7.3056,417,,BLANKENRATH,,,TMAX,1947,2022
GME00130018,51.0192,11.3556,325,,WEIMAR-SCHONDORF,,,TMAX,1949,2022
GME00130054,49.555,6.8125,380,,WEISKIRCHEN/SAAR,,,TMAX,1957,2022
GME00130102,51.2178,11.9725,115,,WEISSENFELS,,,PRCP,1897,2022
GME00130114,51.2131,10.9967,165,,WEISSENSEE-OTTENHAUSEN,,,PRCP,1983,2022
GME00130126,48.1892,7.6983,173,,WEISWEIL-WALDECKHOF,,,PRCP,1992,2022
GME00130186,51.8478,10.7694,234,,WERNIGERODE,,,TMAX,1947,2022
GME00130210,50.9056,11.7992,337,,BOBECK,,,PRCP,1994,2022
GME00130234,47.8833,11.1589,550,,WIELENBACH (DEMOLLSTR.),,,TMAX,1999,2022
GME00130258,50.1331,8.3178,263,,WIESBADEN-AURINGEN,,,TMAX,1987,2022
GME00130282,52.1219,12.46,187,,WIESENBURG,,,TMAX,1967,2022
GME00130294,51.8308,6.5358,21,,BOCHOLT,,,PRCP,1941,2022
GME00130306,48.7856,8.5769,385,,BAD-CALMBACH WILDBAD,,,PRCP,1949,2022
GME00130330,48.6525,8.6808,570,,NEUBULACH-OBERHAUGSTETT,,,TMAX,1995,2022
GME00130378,48.8042,9.4706,240,,REMS-MURR-KREIS WINTERBACH,,,PRCP,1931,2022
GME00130390,53.8944,11.4253,25,,WISMAR,,,PRCP,1947,2022
GME00130402,51.8903,12.6464,105,,WITTENBERG,,,TMAX,1937,2022
GME00130414,53.55,7.6667,8,,WITTMUNDHAFEN,,,PRCP,2001,2022
GME00130438,53.1875,12.4964,66,,WITTSTOCK-ROTE MUHLE,,,TMAX,1994,2022
GME00130486,48.2958,8.24,291,,WOLFACH,,,TMAX,1958,2022
GME00130510,52.3975,10.6908,82,,WOLFSBURG (SUDWEST),,,TMAX,1981,2022
GME00130534,49.6056,8.3667,88,,WORMS,,,TMAX,1936,2022
GME00130570,52.4581,9.4281,57,,WUNSTORF,,,PRCP,1941,2022
GME00130582,51.2258,7.1058,130,,WUPPERTAL-BUCHENHOFEN,,,TMAX,1937,2022
GME00130618,47.6789,8.3806,398,,WUTOSCHINGEN-OFTERINGEN,,,TMAX,1961,2022
GME00130630,54.6942,8.5281,8,,WRIXUM/FOHR,,,PRCP,1887,2022
GME00130642,52.9681,13.3281,51,,ZEHDENICK,,,TMAX,1948,2022
GME00130654,51.0539,12.1442,170,,ZEITZ,,,TMAX,1952,2022
GME00130702,50.7328,13.7531,877,,ZINNWALD-GEORGENFELD,,,TMAX,1971,2022
GME00130726,50.6892,12.4342,353,,LICHTENTANNE,,,TMAX,1863,2022
GME00130738,49.0292,13.2403,615,,ZWIESEL,,,TMAX,1998,2022
GME00130786,52.6206,12.7889,40,,BERGE,,,TMAX,1953,2022
GME00130858,51.1331,9.52,254,,MELSUNGEN-BURSTOSS,,,PRCP,1950,2022
GME00130870,53.3931,10.6892,45,,BOIZENBURG,,,TMAX,1947,2022
GME00130906,54.6408,10.0244,2,,SCHONHAGEN (OSTSEEBAD),,,TMAX,1998,2022
GME00130918,47.6758,12.4708,685,,REIT IM WINKL,,,TMAX,1945,2022
GME00130990,50.7364,7.1939,159,,BONN-ROLEBER,,,TMAX,2000,2022
GME00131002,48.0744,10.2014,592,,BOOS,,,PRCP,1950,2022
GME00131026,53.2153,10.4717,62,,WENDISCH EVERN,,,TMAX,1998,2022
GME00131050,54.3208,9.8058,14,,OSTENFELD (RENDSBURG),,,TMAX,1998,2022
GME00131062,53.3856,14.3742,50,,GRAMBOW-SCHWENNENZ,,,TMAX,1998,2022
GME00131098,51.0606,14.4281,290,,SOHLAND/SPREE,,,TMAX,1999,2022
GME00131122,53.6417,8.0828,8,,WANGERLAND-HOOKSIEL,,,TMAX,1999,2022
GME00131134,49.2256,10.6094,455,,WEIDENBACH-WEIHERSCHNEIDBACH,,,TMAX,1999,2022
GME00131146,52.9553,7.3192,8,,DORPEN,,,TMAX,1959,2022
GME00131158,54.1667,10.3539,26,,DORNICK,,,TMAX,1999,2022
GME00131170,52.0206,14.7269,40,,COSCHEN,,,TMAX,2000,2022
GME00131182,51.8742,6.8867,48,,BORKEN IN WESTFALEN,,,TMAX,2004,2022
GME00131242,51.8678,9.2719,258,,LUGDE-PAENBRUCH,,,TMAX,2000,2022
GME00131254,54.2503,13.0431,16,,STEINHAGEN-NEGAST,,,TMAX,2000,2022
GME00131290,49.2417,6.935,190,,SAARBRUCKEN-BURBACH,,,TMAX,2001,2022
GME00131314,47.6853,9.4417,459,,FRIEDRICHSHAFEN-UNTERRADERACH,,,TMAX,2003,2022
GME00131326,49.0217,9.6042,523,,GROSSERLACH-MANNENWEILER,,,TMAX,2004,2022
GME00131338,49.3333,9.705,385,,INGELFINGEN-STACHENHAUSEN,,,TMAX,2002,2022
GME00131350,48.7706,9.875,413,,SCHWABISCH GMUND-WEILER,,,TMAX,2002,2022
GME00131362,47.7744,8.8228,445,,SINGEN,,,TMAX,2004,2022
GME00131374,51.4156,8.6506,457,,BRILON-THULEN,,,TMAX,2004,2022
GME00131386,52.3625,12.3883,36,,WUSTERWITZ,,,TMAX,2004,2022
GME00131398,52.0317,10.9639,112,,PABSTORF,,,TMAX,2004,2022
GME00131410,50.8433,10.2528,283,,MOORGRUND GRAFEN-NITZENDORF,,,TMAX,2004,2022
GME00131422,52.5083,11.8564,36,,DEMKER,,,TMAX,2004,2022
GME00131434,48.6717,9.4633,325,,NOTZINGEN,,,TMAX,2004,2022
GME00131458,51.2078,10.4958,190,,MUHLHAUSEN-GORMAR,,,TMAX,2004,2022
GME00131470,54.1064,13.8258,1,,KARLSHAGEN,,,TMAX,2004,2022
GME00131494,51.0517,13.3025,308,,NOSSEN,,,TMAX,1949,2022
GME00131506,50.0142,9.655,285,,LOHR/MAIN-HALSBACH,,,TMAX,2005,2022
GME00131518,51.7681,7.5203,59,,LUDINGHAUSEN-BROCHTRUP,,,TMAX,2004,2022
GME00131530,50.3956,8.1442,168,,RUNKEL-ENNERICH,,,TMAX,2004,2022
GME00131546,48.2081,11.2044,530,,MAISACH-GALGEN,,,TMAX,2005,2022
GME00131554,50.0589,10.2983,304,,SCHONUNGEN-MAINBERG,,,TMAX,2005,2022
GME00131590,52.405,7.9731,58,,BRAMSCHE,,,PRCP,1931,2022
GME00131674,52.2903,10.4483,81,,BRAUNSCHWEIG,,,TMAX,1961,2022
GME00131746,53.4989,9.1731,3,,BREMERVORDE,,,TMAX,1998,2022
GME00131782,48.7031,11.8506,425,,ELSENDORF-HORNECK,,,TMAX,2005,2022
GME00131818,47.8356,12.6564,721,,SIEGSDORF-HOLL,,,TMAX,2005,2022
GME00131830,52.0728,8.4578,105,,BIELEFELD-DEPPENDORF,,,TMAX,2006,2022
GME00131842,49.0264,8.7164,185,,BRETTEN,,,PRCP,1983,2022
GME00131866,49.7644,9.4064,193,,FREUDENBERG/MAIN-BOXTAL,,,TMAX,2004,2022
GME00131902,54.5281,9.0439,5,,HATTSTEDT,,,TMAX,2005,2022
GME00131938,48.7358,10.7428,434,,DONAUWORTH-OSTERWEILER,,,TMAX,2005,2022
GME00131950,51.1519,11.3331,160,,OLBERSLEBEN,,,TMAX,2005,2022
GME00131962,50.5467,12.2867,465,,TREUEN,,,TMAX,2005,2022
GME00131974,51.4644,7.9789,159,,ARNSBERG-NEHEIM,,,TMAX,2005,2022
GME00131986,48.6106,10.2692,468,,HERMARINGEN-ALLEWIND,,,TMAX,2005,2022
GME00131998,50.6208,13.4831,688,,DEUTSCHNEUDORF-BRUDERWIESE,,,TMAX,2006,2022
GME00132010,49.1094,12.8244,588,,PRACKENBACH-NEUHAUSEL,,,TMAX,2006,2022
GME00132022,53.3175,13.4175,115,,FELDBERG/MECKLENBURG,,,TMAX,2005,2022
GME00132034,51.6831,12.3056,74,,JESSNITZ,,,TMAX,2007,2022
GME00132046,51.9669,9.8042,144,,ALFELD,,,TMAX,2007,2022
GME00132058,51.0025,10.3633,312,,EISENACH,,,TMAX,2007,2022
GME00132070,49.1631,10.3669,475,,FEUCHTWANGEN-HEILBRONN,,,TMAX,2007,2022
GME00132094,49.3919,12.6853,499,,WALDMUNCHEN,,,TMAX,2006,2022
GME00132106,53.6,6.7031,3,,BORKUM-FLUGPLATZ,,,TMAX,2006,2022
GME00132130,52.7458,13.8419,82,,HECKELBERG,,,TMAX,2006,2022
GME00132154,51.4506,14.2542,116,,HOYERSWERDA,,,TMAX,2010,2022
GME00132166,50.0317,11.9742,622,,WUNSIEDEL-SCHONBRUNN,,,TMAX,2006,2022
GME00132178,48.6606,12.5403,350,,GOTTFRIEDING,,,TMAX,2007,2022
GME00132190,50.5083,9.2244,743,,HOHERODSKOPF/VOGELSBERG,,,TMAX,2008,2022
GME00132202,48.6167,13.0519,340,,ALDERSBACH-KRIESTORF,,,TMAX,1959,2022
GME00132214,47.7964,10.0333,672,,LEUTKIRCH-HERLAZHOFEN,,,TMAX,2007,2022
GME00132226,50.7531,9.0233,350,,NEU-ULRICHSTEIN,,,TMAX,2011,2022
GME00132238,50.0092,9.425,340,,NEUHUTTEN/SPESSART,,,TMAX,2006,2022
GME00132250,50.6619,12.0769,390,,LANGENWETZENDORF-GOTTENDORF,,,TMAX,2006,2022
GME00132262,51.1056,11.7125,246,,KREIPITZSCH BEI BAD KOSEN,,,TMAX,2007,2022
GME00132274,47.7731,12.9089,458,,PIDING,,,TMAX,2006,2022
GME00132286,54.0206,9.9267,17,,PADENSTEDT (PONY-PARK),,,TMAX,2007,2022
GME00132298,50.4178,10.8167,397,,VEILSDORF,,,TMAX,2007,2022
GME00132310,48.0139,11.5539,604,,OBERHACHING-LAUFZORN,,,TMAX,2007,2022
GME00132322,52.6439,10.6642,72,,WITTINGEN-VORHOP,,,TMAX,2007,2022
GME00132334,49.5192,9.3225,340,,KR. NECKAR-ODENWALD BUCHEN,,,TMAX,1935,2022
GME00132346,47.9631,7.9989,445,,BUCHENBACH,,,TMAX,1990,2022
GME00132358,53.3567,9.9367,77,,BUCHHOLZ IN DER NORDHEIDE,,,TMAX,1976,2022
GME00132370,50.1739,7.0631,477,,BUCHEL (FLUGPLATZ),,,PRCP,2001,2022
GME00132382,52.2817,9.0878,68,,BUCKEBURG,,,PRCP,1978,2022
GME00132430,52.4864,7.9128,65,,ALFHAUSEN,,,TMAX,1961,2022
GME00132466,51.0317,8.8156,293,,BURGWALD-BOTTENDORF,,,TMAX,1952,2022
GME00132490,50.4319,12.6128,897,,CARLSFELD,,,TMAX,1989,2022
GME00132502,52.6164,10.0739,33,,CELLE (STADT),,,PRCP,1940,2022
GME00132514,52.5953,10.0281,39,,CELLE,,,PRCP,1979,2022
GME00132526,49.2514,12.6056,389,,PEMFLING-PITZLING,,,PRCP,1931,2022
GME00132538,50.7925,12.8733,418,,CHEMNITZ,,,TMAX,1882,2022
GME00132550,47.8853,12.5417,551,,CHIEMING,,,TMAX,1998,2022
GME00132586,50.3081,10.9692,345,,LAUTERTAL-OBERLAUTER,,,TMAX,1947,2022
GME00132634,51.0783,10.8639,170,,DACHWIG,,,TMAX,1949,2022
GME00132646,49.8817,8.6775,162,,DARMSTADT,,,TMAX,1995,2022
GME00132682,50.7456,9.3467,300,,ALSFELD-EIFA,,,TMAX,1978,2022
GME00132694,47.8017,9.4117,708,,DEGGENHAUSERTAL-AZENWEILER,,,PRCP,1989,2022
GME00132730,49.7631,7.0556,481,,DEUSELBACH,,,TMAX,1950,2022
GME00132778,49.4169,10.6742,405,,DIETENHOFEN,,,PRCP,1985,2022
GME00132790,50.7325,8.2631,314,,DILLENBURG,,,TMAX,1947,2022
GME00132814,48.5569,10.5608,419,,DILLINGEN/DONAU-FRISTINGEN,,,TMAX,2006,2022
GME00132838,50.9181,13.7144,365,,DIPPOLDISWALDE-REINBERG,,,TMAX,1954,2022
GMM00010097,54.2456,13.9125,12,,GREIFSWALDER OIE,,10097,TMAX,1947,2022
GMM00010129,53.5344,8.5769,7,,BREMERHAVEN,,10129,TMAX,1949,2022
GMM00010156,53.805,10.719,16.2,,LUBECK BLANKENSEE,,10156,TMIN,1973,2022
GMM00010161,54.0042,11.1919,15,,BOLTENHAGEN,,10161,TMAX,1947,2022
GMM00010168,53.6069,12.1042,58,,GOLDBERG,,10168,TMAX,1947,2022
GMM00010253,52.9739,11.1392,17,,LUCHOW,,10253,TMAX,1949,2022
GMM00010267,52.9381,12.4106,40,,KYRITZ,,10267,TMAX,1945,2022
GMM00010281,53.6019,13.3058,69,,TROLLENHAGEN,,10281,TMAX,1994,2022
GMM00010309,52.0828,6.9417,46,,AHAUS,,10309,TMAX,2006,2022
GMM00010321,52.5903,8.3464,39,,DIEPHOLZ,,10321,TMAX,1952,2022
GMM00010348,52.319,10.556,89.9,,BRAUNSCHWEIG WOLFSBURG,,10348,TAVG,1936,2023
GMM00010385,52.38,13.523,47.9,,SCHONEFELD,,10385,TMAX,1955,2022
GMM00010396,52.5481,14.5475,12,,MANSCHNOW,,10396,TMAX,1985,2022
GMM00010424,51.5778,7.8889,85,,WERL,,10424,TMAX,1980,2022
GMM00010449,51.3853,10.3017,356,,LEINEFELDE,,10449,TMAX,1938,2022
GMM00010452,51.725,10.6039,607,,BRAUNLAGE,,10452,TMAX,1931,2022
GMM00010480,51.2969,13.0944,150,,OSCHATZ,,10480,TMAX,1937,2022
GMM00010488,51.133,13.767,230.1,,DRESDEN,,10488,TMAX,1935,2022
GMM00010526,50.6631,7.9594,547,,BAD MARIENBERG,,10526,TMAX,1962,2022
GMM00010579,50.6519,13.1483,639,,MARIENBERG,,10579,TMAX,1955,2022
GMM00010704,49.2653,6.6878,363,,BERUS,,10704,TMAX,1951,2022
GMM00010724,49.3767,8.1225,553,,WEINBIET,,10724,TMAX,1953,2022
GMM00010729,49.473,8.514,94.2,,MANNHEIM CITY,,10729,TMIN,1949,2022
GMM00010733,49.2953,8.9064,237,,WAIBSTADT,,10733,TMAX,2007,2022
GMM00010736,48.9731,8.8742,244,,MUHLACKER,,10736,TMAX,1988,2022
GMM00010761,49.0203,10.9617,422,,WEISSENBURG,,10761,TMAX,1879,2022
GMM00010818,48.1064,8.7556,973,,KLIPPENECK,,10818,TMAX,1947,2022
GMM00010827,48.1844,8.9925,920,,MESSSTETTEN,,10827,TMAX,1993,2022
GMM00010863,48.4031,11.6956,477,,WEIHENSTEPHAN-DURNAST,,10863,TMAX,1936,2022
GMM00010870,48.3667,11.8,444,,SCHWAIGERMOOS,,10870,TMAX,1939,2022
GMM00010963,47.4839,11.0633,719,,GARMISCH-PARTENKIRCHEN,,10963,TMAX,1936,2022
GMW00034055,49.95,7.2667,502,,HUNSRUCK,,10616,TAVG,1968,2023
GMW00034068,49.5667,8.4667,96,,COLEMAN,,,TMAX,1936,2022
GMW00034178,48.2,11.2667,530,,FURSTENFELDBRUCK,,,PRCP,1949,2022
GMW00035032,50.0333,8.5833,112.2,,RHEIN MAIN,GSN,10637,TMAX,1934,2022
JA000047401,45.417,141.683,12,,WAKKANAI,GSN,47401,TMAX,1951,2022
JA000047402,44.933,142.583,8,,KITAMIESASHI,,47402,TMAX,1951,2023
JA000047404,44.367,141.7,10,,HABORO,,47404,TMAX,1951,2023
JA000047405,44.583,142.967,15,,OMU,,47405,TMAX,1951,2023
JA000047406,43.95,141.633,28,,RUMOI,,47406,TMAX,1951,2023
JA000047407,43.767,142.367,116,,ASAHIKAWA,,47407,TMAX,1951,2022
JA000047409,44.017,144.283,43,,ABASHIRI,,47409,TMAX,1951,2022
JA000047411,43.183,141.017,26,,OTARU,,47411,TMAX,1951,2023
JA000047412,43.067,141.333,26,,SAPPORO,,47412,TMAX,1951,2022
JA000047413,43.217,141.783,51,,IWAMIZAWA,,47413,TMAX,1951,2023
JA000047417,42.917,143.217,43,,OBIHIRO,,47417,TMAX,1951,2023
JA000047418,42.95,144.433,16,,KUSHIRO,,47418,TMAX,1951,2022
JA000047420,43.333,145.583,39,,NEMURO,GSN,47420,TMAX,1931,2022
JA000047421,42.8,140.217,38,,SUTTSU,,47421,TMAX,1951,2022
JA000047423,42.317,140.983,49,,MURORAN,,47423,TMAX,1951,2023
JA000047424,42.617,141.55,11,,TOMAKOMAI,,47424,TMAX,1951,2023
JA000047426,42.167,142.783,37,,URAKAWA,,47426,TMAX,1951,2022
JA000047428,41.867,140.117,12,,ESASHI,,47428,TMAX,1951,2023
JA000047430,41.817,140.75,43,,HAKODATE,,47430,TMAX,1951,2022
JA000047433,42.9,140.75,188,,KUTCHAN,,47433,TMAX,1951,2023
JA000047435,44.35,143.35,16,,MOMBETSU,,47435,TMAX,1956,2023
JA000047440,42.3,143.317,33,,HIROO,,47440,TMAX,1958,2023
JA000047512,39.067,141.717,41,,OFUNATO,,47512,TMAX,1964,2023
JA000047520,38.75,140.317,102,,SHINJO,,47520,TMAX,1958,2023
JA000047570,37.483,139.917,213,,WAKAMATSU,,47570,TMAX,1954,2022
JA000047574,40.65,139.933,67,,FUKAURA,,47574,TMAX,1951,2023
JA000047575,40.817,140.767,3,,AOMORI,,47575,TMAX,1956,2022
JA000047576,41.283,141.217,5,,MUTSU,,47576,TMAX,1951,2023
JA000047581,40.533,141.517,28,,HACHINOHE,,47581,TMAX,1951,2023
JA000047582,39.717,140.1,7,,AKITA,GSN,47582,TMAX,1951,2022
JA000047584,39.7,141.167,155,,MORIOKA,,47584,TMAX,1951,2022
JA000047585,39.65,141.967,46,,MIYAKO,,47585,TMAX,1951,2023
JA000047587,38.8,139.783,26,,SHONAI,,47587,TAVG,1992,2023
JA000047588,38.25,140.35,153,,YAMAGATA,,47588,TMAX,1951,2023
JA000047590,38.267,140.9,43,,SENDAI,,47590,TMAX,1951,2022
JA000047592,38.433,141.3,43,,ISHINOMAKI,,47592,TMAX,1951,2023
JA000047597,37.133,140.217,357,,SHIRAKAWA,,47597,TMAX,1951,2023
JA000047598,36.95,140.9,5,,ONAHAMA,,47598,TMAX,1951,2023
JA000047600,37.4,136.9,15,,WAJIMA,GSN,47600,TMAX,1961,2022
JA000047602,38.033,138.233,17,,AIKAWA,,47602,TMAX,1951,2023
JA000047604,37.917,139.05,6,,NIIGATA,,47604,TMAX,1951,2022
JA000047605,36.583,136.633,33,,KANAZAWA,,47605,TMAX,1951,2022
JA000047606,36.8,137.05,13,,FUSHIKI,,47606,TMAX,1951,2023
JA000047607,36.717,137.2,17,,TOYAMA,,47607,TMAX,1951,2023
JA000047610,36.667,138.2,419,,NAGANO,,47610,TMAX,1951,2022
JA000047612,37.1,138.25,18,,TAKADA,,47612,TMAX,1951,2023
JA000047615,36.55,139.867,140,,UTSUNOMIYA,,47615,TMAX,1951,2023
JA000047616,36.05,136.217,17,,FUKUI,,47616,TMAX,1951,2023
JA000047617,36.15,137.25,561,,TAKAYAMA,,47617,TMAX,1951,2023
JA000047618,36.25,137.967,611,,MATSUMOTO,,47618,TMAX,1951,2023
JA000047620,36.05,138.117,762,,SUWA,,47620,TMAX,1951,2023
JA000047622,36.35,138.55,1004,,KARUIZAWA,,47622,TMAX,1965,2023
JA000047624,36.4,139.067,113,,MAEBASHI,,47624,TMAX,1951,2022
JA000047626,36.15,139.383,31,,KUMAGAYA,,47626,TMAX,1951,2023
JA000047629,36.383,140.467,31,,MITO,,47629,TMAX,1951,2022
JA000047631,35.65,136.067,12,,TSURUGA,,47631,TMAX,1951,2023
JA000047632,35.4,136.767,17,,GIFU,,47632,TMAX,1951,2023
JA000047636,35.167,136.967,56,,NAGOYA,,47636,TMAX,1951,2022
JA000047637,35.517,137.817,529,,IIDA,,47637,TMAX,1951,2023
JA000047638,35.667,138.55,281,,KOFU,,47638,TMAX,1951,2023
JA000047640,35.5,138.767,861,,KAWAGUCHIKO,,47640,TMAX,1951,2023
JA000047641,35.983,139.067,234,,CHICHIBU,,47641,TMAX,1951,2023
JA000047648,35.733,140.85,28,,CHOSHI,GSN,47648,TMAX,1931,2022
JA000047649,34.767,136.15,161,,UENO,,47649,TMAX,1951,2023
JA000047651,34.733,136.517,18,,TSU,,47651,TMAX,1951,2022
JA000047653,34.633,137.1,8,,IRAKO,,47653,TMAX,1951,2023
JA000047654,34.717,137.717,33,,HAMAMATSU,,47654,TMAX,1951,2023
JA000047655,34.6,138.217,47,,OMAEZAKI,,47655,TMAX,1951,2022
JA000047656,34.983,138.4,15,,SHIZUOKA,,47656,TMAX,1951,2023
JA000047657,35.117,138.933,22,,MISHIMA,,47657,TMAX,1951,2023
JA000047662,35.683,139.767,36,,TOKYO,,47662,TMAX,1951,2022
JA000047663,34.067,136.2,27,,OWASE,,47663,TMAX,1951,2023
JA000047666,34.6,138.85,56,,IROZAKI,,47666,TMAX,1951,2023
JA000047668,35.05,139.1,68,,AJIRO,,47668,TMAX,1951,2023
JA000047670,35.433,139.65,42,,YOKOHAMA,,47670,TMAX,1951,2023
JA000047672,34.983,139.867,7,,TATEYAMA,,47672,TMAX,1969,2023
JA000047674,35.15,140.317,13,,KATSUURA,,47674,TMAX,1951,2023
JA000047675,34.75,139.383,79,,OSHIMA,,47675,TMAX,1951,2022
JA000047677,34.117,139.517,37,,MIYAKEJIMA,,47677,TMAX,1951,2023
JA000047678,33.117,139.783,80,,HACHIJOJIMA,,47678,TMAX,1951,2022
JA000047682,35.6,140.1,19,,CHIBA,,47682,TMAX,1967,2023
JA000047684,34.933,136.583,56,,YOKKAICHI,,47684,TMAX,1967,2023
JA000047690,36.733,139.5,1294,,NIKKO,,47690,TMAX,1951,2023
JA000047740,36.2,133.333,31,,SAIGO,,47740,TMAX,1951,2022
JA000047741,35.45,133.067,23,,MATSUE,,47741,TMAX,1951,2022
JA000047742,35.55,133.233,3,,SAKAI,,47742,TMAX,1951,2023
JA000047744,35.433,133.333,9,,YONAGO,,47744,TMAX,1951,2023
JA000047746,35.483,134.233,16,,TOTTORI,,47746,TMAX,1951,2022
JA000047747,35.5,134.783,183,,TAJIMA,,47747,TAVG,1996,2023
JA000047750,35.45,135.333,30,,MAIZURU REG MET HQ,,47750,TMAX,1953,2022
JA000047754,34.683,131.783,57,,IWAMI AIRPORT,,47783,TAVG,1994,2023
JA000047755,34.9,132.067,20,,HAMADA,,47755,TMAX,1951,2023
JA000047756,35.067,134.017,147,,TSUYAMA,,47756,TMAX,1951,2023
JA000047759,35.017,135.733,46,,KYOTO,,47759,TMAX,1951,2023
JA000047761,35.283,136.25,89,,HIKONE,,47761,TMAX,1951,2023
JA000047762,33.95,130.933,19,,SHIMONOSEKI,,47762,TMAX,1951,2023
JA000047765,34.4,132.467,53,,HIROSHIMA,,47765,TMAX,1951,2022
JA000047767,34.45,133.25,3,,FUKUYAMA,,47767,TMAX,1951,2023
JA000047768,34.667,133.917,18,,OKAYAMA,,47768,TMAX,1951,2023
JA000047769,34.833,134.667,40,,HIMEJI,,47769,TMAX,1953,2023
JA000047770,34.7,135.217,30,,KOBE,,47770,TMAX,1951,2023
JA000047772,34.433,135.25,8,,KANSAI INTERNATIONA,,47774,TAVG,1995,2023
JA000047776,34.333,134.9,112,,SUMOTO,,47776,TMAX,1951,2023
JA000047777,34.233,135.167,18,,WAKAYAMA,,47777,TMAX,1951,2023
JA000047778,33.45,135.75,76,,SHIONOMISAKI,GSN,47778,TMAX,1953,2022
JA000047780,34.7,135.833,106,,NARA,,47780,TMAX,1953,2023
JA000047784,34.167,131.45,18,,YAMAGUCHI,,47784,TMAX,1967,2023
JA000047800,34.2,129.3,19,,IZUHARA,,47800,TMAX,1951,2022
JA000047805,33.367,129.55,59,,HIRADO,,47805,TMAX,1951,2023
JA000047807,33.583,130.383,15,,FUKUOKA,,47807,TMAX,1951,2022
JA000047809,33.65,130.699,38,,IIZUKA,,47809,TMAX,1951,2023
JA000047813,33.267,130.3,32,,SAGA,,47813,TMAX,1951,2023
JA000047814,33.317,130.933,84,,HITA,,47814,TMAX,1951,2023
JA000047815,33.233,131.617,13,,OITA,GSN,47815,TMAX,1951,2022
JA000047817,32.732,129.866,35,,NAGASAKI,GSN,47817,TMAX,1951,2022
JA000047819,32.817,130.699,39,,KUMAMOTO,,47819,TMAX,1951,2023
JA000047822,32.583,131.65,21,,NOBEOKA,,47822,TMAX,1961,2023
JA000047823,32.033,130.199,45,,AKUNE,,47823,TMAX,1951,2023
JA000047824,32.217,130.75,147,,HITOYOSHI,,47824,TMAX,1951,2023
JA000047827,31.55,130.55,32,,KAGOSHIMA,,47827,TMAX,1951,2022
JA000047829,31.733,131.083,156,,MIYAKONOJO,,47829,TMAX,1951,2023
JA000047830,31.933,131.417,15,,MIYAZAKI,,47830,TMAX,1951,2022
JA000047831,31.267,130.3,31,,MAKURAZAKI,,47831,TMAX,1951,2023
JA000047835,31.583,131.4,15,,ABURATSU,,47835,TMAX,1953,2023
JA000047836,30.383,130.667,38,,YAKUSHIMA,,47836,TMAX,1953,2023
JA000047837,30.733,130.983,18,,TANEGASHIMA,,47837,TMAX,1951,2023
JA000047838,31.717,130.032,14,,USHIBUKA,,47838,TMAX,1951,2023
JA000047843,32.7,128.833,26,,FUKUE,,47843,TMAX,1962,2022
JA000047887,33.85,132.783,34,,MATSUYAMA,,47887,TMAX,1951,2022
JA000047890,34.283,133.75,5,,TADOTSU,,47890,TMAX,1951,2023
JA000047891,34.317,134.05,10,,TAKAMATSU,,47891,TMAX,1951,2022
JA000047892,33.233,132.55,14,,UWAJIMA,,47892,TMAX,1951,2023
JA000047893,33.567,133.55,5,,KOCHI,,47893,TMAX,1951,2022
JA000047895,34.067,134.567,6,,TOKUSHIMA,,47895,TMAX,1951,2022
JA000047897,32.917,132.7,11,,SUKUMO,,47897,TMAX,1951,2023
JA000047898,32.717,133.017,33,,SHIMIZU,,47898,TMAX,1951,2023
JA000047899,33.25,134.183,186,,MUROTOMISAKI,,47899,TMAX,1951,2023
JA000047909,28.383,129.5,8,,NAZE,,47909,TMAX,1951,2022
JA000047927,24.817,125.133,16,,SHIMOJISHIMA,GSN,47927,TAVG,1980,2023
JA000047929,26.333,126.8,5,,KUMEJIMA,,47929,TMAX,1959,2023
JA000047936,26.2,127.683,53,,NAHA,GSN,47936,TMAX,1961,2022
JA000047940,26.6,127.967,7,,NAGO,,47940,TMAX,1976,2023
JA000047942,27.033,128.4,16,,YORON,,47942,TAVG,1992,2023
JA000047945,25.933,131.317,24,,KITADAITO,GSN,47945,TAVG,1993,2023
JA000047991,24.3,153.967,6.1,,MINAMI TORI SHIMA MA,GSN,47991,TMAX,1970,2022
JAM00047772,34.683,135.517,83,,OSAKA,,47772,TMAX,1953,2022
JAM00047918,24.345,124.187,28.3,,ISHIGAKI,,47918,TMAX,1973,2022
JAM00047927,24.783,125.295,45.7,,MIYAKO,,47927,TMAX,1973,2022
JAM00047945,25.847,131.263,50.9,,MINAMI DAITO,,47945,TMAX,1973,2022
JAW00042402,27.0833,142.2,8.2,,CHICHI JIMA BONIN IS,,47971,TMAX,1966,2022
KS000047112,37.467,126.633,70,,INCHEON,GSN,47112,TMAX,1949,2023
KS000047115,37.483,130.9,220,,ULLEUNGDO,GSN,47115,TMAX,1939,2023
KS000047165,34.817,126.383,39,,MOKPO,GSN,47165,TMAX,1926,2023
KSM00047101,37.9,127.733,78,,CHUNCHEON,,47101,TMAX,1973,2023
KSM00047105,37.771,128.868,26.1,,GANGNEUNG,,47105,TMAX,1973,2023
KSM00047108,37.567,126.967,87,,SEOUL CITY,,47108,TMAX,1973,2023
KSM00047133,36.3,127.4,78,,TAEJON,,47133,TMAX,1973,2023
KSM00047138,36.033,129.38,1.3,,POHANG,,47138,TMAX,1973,2023
KSM00047159,35.1,129.033,70,,BUSAN,,47159,TMAX,1973,2023
KSM00047168,34.733,127.75,67,,YEOSU,,47168,TMAX,1973,2023
KSM00047184,33.517,126.533,23,,JEJU,,47184,TMAX,1973,2023
SZ000001940,47.5331,7.5831,316,,BASEL BINNINGEN,,06601,TMAX,1901,2023
SZ000002220,47.25,9.35,2502,,SAENTIS,GSN,06680,TMAX,1882,2023
SZ000003700,47.3831,8.5667,555,,ZUERICH/FLUNTERN,,06660,TMAX,1901,2023
SZ000006717,45.8667,7.1667,2472,,COL DU GRAND ST-BERNARD,GSN,06717,TMAX,1864,2023
SZ000008440,46.25,6.1331,420,,GENEVE COINTRIN,,06700,TMAX,1955,2023
SZ000009480,46,8.9667,273,,LUGANO,,06770,TMAX,1901,2023
SZE00105086,46.2167,7.3331,482,,SION 2,,06720,TMAX,1955,2023
SZE00116090,46.8167,6.95,490,,PAYERNE,,06610,TMAX,1964,2023
SZM00006796,46.6,10.433,1390,,STA MARIA VAL MUESTAIR,,06796,TMAX,2012,2023
