"Tcs","Rc_thresholds","Rh_thresholds","first_Tc_reach_days","MAE"
7,-95,120,0,23.7
7,-96,120,0,23.6
7,-97,120,0,23.5
7,-98,120,0,23.5
7,-99,120,0,23.2
7,-100,120,0,23.2
7,-101,120,0,22.8
7,-102,120,0,22.8
7,-103,120,0,22.7
7,-104,120,0,22.7
7,-105,120,0,22.7
7,-106,120,0,22.4
7,-107,120,0,22.3
7,-108,120,0,22.3
7,-109,120,0,22.3
7,-110,120,0,22.1
7,-111,120,0,22
7,-112,120,0,21.8
7,-113,120,0,21.8
7,-114,120,0,21.8
7,-115,120,0,21.5
7,-116,120,0,21.3
7,-117,120,0,21.2
7,-118,120,0,21.2
7,-119,120,0,21
7,-120,120,0,21
7,-121,120,0,20.8
7,-122,120,0,20.6
7,-123,120,0,19.9
7,-124,120,0,19.7
7,-125,120,0,19.7
7,-126,120,0,19.7
7,-127,120,0,19.6
7,-128,120,0,19.4
7,-129,120,0,19.3
7,-130,120,0,18.8
7,-131,120,0,18.6
7,-132,120,0,18.6
7,-133,120,0,18.3
7,-134,120,0,18
7,-135,120,0,17.6
7,-136,120,0,17.6
7,-137,120,0,17.5
7,-138,120,0,17.4
7,-139,120,0,17.4
7,-140,120,0,17.1
7,-95,121,0,23.5
7,-96,121,0,23.5
7,-97,121,0,23.4
7,-98,121,0,23.3
7,-99,121,0,22.9
7,-100,121,0,22.8
7,-101,121,0,22.7
7,-102,121,0,22.7
7,-103,121,0,22.7
7,-104,121,0,22.6
7,-105,121,0,22.6
7,-106,121,0,22.3
7,-107,121,0,22.3
7,-108,121,0,22.1
7,-109,121,0,22.1
7,-110,121,0,22.1
7,-111,121,0,22
7,-112,121,0,21.7
7,-113,121,0,21.6
7,-114,121,0,21.4
7,-115,121,0,21.3
7,-116,121,0,21.1
7,-117,121,0,20.9
7,-118,121,0,20.9
7,-119,121,0,20.7
7,-120,121,0,20.7
7,-121,121,0,20.4
7,-122,121,0,20.2
7,-123,121,0,19.8
7,-124,121,0,19.7
7,-125,121,0,19.5
7,-126,121,0,19.5
7,-127,121,0,19.4
7,-128,121,0,19.1
7,-129,121,0,19
7,-130,121,0,18.5
7,-131,121,0,18.4
7,-132,121,0,18.4
7,-133,121,0,18.1
7,-134,121,0,17.8
7,-135,121,0,17.4
7,-136,121,0,17.4
7,-137,121,0,17.2
7,-138,121,0,17.1
7,-139,121,0,17
7,-140,121,0,16.8
7,-95,122,0,23.2
7,-96,122,0,23.2
7,-97,122,0,23
7,-98,122,0,23
7,-99,122,0,22.5
7,-100,122,0,22.4
7,-101,122,0,22.3
7,-102,122,0,22.2
7,-103,122,0,22.1
7,-104,122,0,22.1
7,-105,122,0,22.1
7,-106,122,0,22
7,-107,122,0,22
7,-108,122,0,22
7,-109,122,0,22
7,-110,122,0,22
7,-111,122,0,22
7,-112,122,0,21.6
7,-113,122,0,21.5
7,-114,122,0,21.2
7,-115,122,0,21.2
7,-116,122,0,21
7,-117,122,0,20.9
7,-118,122,0,20.8
7,-119,122,0,20.6
7,-120,122,0,20.6
7,-121,122,0,20.2
7,-122,122,0,19.9
7,-123,122,0,19.7
7,-124,122,0,19.6
7,-125,122,0,19.4
7,-126,122,0,19.4
7,-127,122,0,19.3
7,-128,122,0,18.9
7,-129,122,0,18.8
7,-130,122,0,18.3
7,-131,122,0,18
7,-132,122,0,17.8
7,-133,122,0,17.5
7,-134,122,0,17.5
7,-135,122,0,17.2
7,-136,122,0,17.1
7,-137,122,0,16.9
7,-138,122,0,16.7
7,-139,122,0,16.7
7,-140,122,0,16.7
7,-95,123,0,23.1
7,-96,123,0,23.1
7,-97,123,0,22.8
7,-98,123,0,22.7
7,-99,123,0,22.2
7,-100,123,0,22.1
7,-101,123,0,22
7,-102,123,0,22
7,-103,123,0,22
7,-104,123,0,21.9
7,-105,123,0,21.9
7,-106,123,0,21.8
7,-107,123,0,21.8
7,-108,123,0,21.8
7,-109,123,0,21.7
7,-110,123,0,21.7
7,-111,123,0,21.4
7,-112,123,0,21.2
7,-113,123,0,21.2
7,-114,123,0,21.2
7,-115,123,0,21.2
7,-116,123,0,20.8
7,-117,123,0,20.7
7,-118,123,0,20.6
7,-119,123,0,20.3
7,-120,123,0,20.1
7,-121,123,0,19.8
7,-122,123,0,19.5
7,-123,123,0,19.4
7,-124,123,0,19.3
7,-125,123,0,19
7,-126,123,0,18.9
7,-127,123,0,18.8
7,-128,123,0,18.6
7,-129,123,0,18.5
7,-130,123,0,17.9
7,-131,123,0,17.8
7,-132,123,0,17.6
7,-133,123,0,17.3
7,-134,123,0,17.1
7,-135,123,0,16.9
7,-136,123,0,16.9
7,-137,123,0,16.8
7,-138,123,0,16.7
7,-139,123,0,16.7
7,-140,123,0,16.6
7,-95,124,0,22.7
7,-96,124,0,22.6
7,-97,124,0,22.3
7,-98,124,0,22.3
7,-99,124,0,22.1
7,-100,124,0,22
7,-101,124,0,21.8
7,-102,124,0,21.8
7,-103,124,0,21.8
7,-104,124,0,21.8
7,-105,124,0,21.8
7,-106,124,0,21.7
7,-107,124,0,21.7
7,-108,124,0,21.6
7,-109,124,0,21.6
7,-110,124,0,21.5
7,-111,124,0,21.3
7,-112,124,0,21.2
7,-113,124,0,21.1
7,-114,124,0,21
7,-115,124,0,20.9
7,-116,124,0,20.4
7,-117,124,0,20.3
7,-118,124,0,20.3
7,-119,124,0,19.9
7,-120,124,0,19.8
7,-121,124,0,19.4
7,-122,124,0,19.1
7,-123,124,0,18.8
7,-124,124,0,18.8
7,-125,124,0,18.7
7,-126,124,0,18.6
7,-127,124,0,18.5
7,-128,124,0,18.3
7,-129,124,0,18.3
7,-130,124,0,17.7
7,-131,124,0,17.6
7,-132,124,0,17.5
7,-133,124,0,17.2
7,-134,124,0,17.1
7,-135,124,0,16.9
7,-136,124,0,16.9
7,-137,124,0,16.7
7,-138,124,0,16.6
7,-139,124,0,16.5
7,-140,124,0,16.4
7,-95,125,0,22.6
7,-96,125,0,22.5
7,-97,125,0,22.3
7,-98,125,0,22.3
7,-99,125,0,22.1
7,-100,125,0,22
7,-101,125,0,21.7
7,-102,125,0,21.7
7,-103,125,0,21.5
7,-104,125,0,21.5
7,-105,125,0,21.5
7,-106,125,0,21.4
7,-107,125,0,21.3
7,-108,125,0,21.3
7,-109,125,0,21.3
7,-110,125,0,21.2
7,-111,125,0,21.2
7,-112,125,0,21
7,-113,125,0,20.8
7,-114,125,0,20.6
7,-115,125,0,20.5
7,-116,125,0,20
7,-117,125,0,19.9
7,-118,125,0,19.9
7,-119,125,0,19.4
7,-120,125,0,19.4
7,-121,125,0,19.2
7,-122,125,0,18.8
7,-123,125,0,18.6
7,-124,125,0,18.6
7,-125,125,0,18.4
7,-126,125,0,18.4
7,-127,125,0,18.3
7,-128,125,0,18.2
7,-129,125,0,18.2
7,-130,125,0,17.5
7,-131,125,0,17.3
7,-132,125,0,17.2
7,-133,125,0,17
7,-134,125,0,16.9
7,-135,125,0,16.8
7,-136,125,0,16.8
7,-137,125,0,16.4
7,-138,125,0,16.2
7,-139,125,0,16.2
7,-140,125,0,16.1
7,-95,126,0,22.3
7,-96,126,0,22.2
7,-97,126,0,22.1
7,-98,126,0,22
7,-99,126,0,21.6
7,-100,126,0,21.4
7,-101,126,0,21.4
7,-102,126,0,21.4
7,-103,126,0,21.4
7,-104,126,0,21.4
7,-105,126,0,21.4
7,-106,126,0,21.2
7,-107,126,0,21.2
7,-108,126,0,21.2
7,-109,126,0,21.2
7,-110,126,0,21.2
7,-111,126,0,21
7,-112,126,0,20.9
7,-113,126,0,20.6
7,-114,126,0,20.3
7,-115,126,0,20.2
7,-116,126,0,19.7
7,-117,126,0,19.6
7,-118,126,0,19.6
7,-119,126,0,19.2
7,-120,126,0,19
7,-121,126,0,18.7
7,-122,126,0,18.6
7,-123,126,0,18.4
7,-124,126,0,18.2
7,-125,126,0,18.1
7,-126,126,0,18.1
7,-127,126,0,18
7,-128,126,0,18
7,-129,126,0,18
7,-130,126,0,17.2
7,-131,126,0,17.1
7,-132,126,0,17
7,-133,126,0,16.9
7,-134,126,0,16.6
7,-135,126,0,16.3
7,-136,126,0,16.3
7,-137,126,0,16.2
7,-138,126,0,16
7,-139,126,0,15.9
7,-140,126,0,15.8
7,-95,127,0,22.1
7,-96,127,0,22.1
7,-97,127,0,21.9
7,-98,127,0,21.9
7,-99,127,0,21.5
7,-100,127,0,21.4
7,-101,127,0,21.4
7,-102,127,0,21.4
7,-103,127,0,21.3
7,-104,127,0,21.3
7,-105,127,0,21.3
7,-106,127,0,21
7,-107,127,0,21
7,-108,127,0,21
7,-109,127,0,21
7,-110,127,0,21
7,-111,127,0,20.7
7,-112,127,0,20.4
7,-113,127,0,20.1
7,-114,127,0,19.9
7,-115,127,0,19.7
7,-116,127,0,19.2
7,-117,127,0,19.1
7,-118,127,0,18.9
7,-119,127,0,18.6
7,-120,127,0,18.6
7,-121,127,0,18.4
7,-122,127,0,18.2
7,-123,127,0,18
7,-124,127,0,17.9
7,-125,127,0,17.9
7,-126,127,0,17.9
7,-127,127,0,17.8
7,-128,127,0,17.6
7,-129,127,0,17.5
7,-130,127,0,16.8
7,-131,127,0,16.8
7,-132,127,0,16.7
7,-133,127,0,16.6
7,-134,127,0,16.5
7,-135,127,0,16.2
7,-136,127,0,16.2
7,-137,127,0,16
7,-138,127,0,15.7
7,-139,127,0,15.7
7,-140,127,0,15.5
7,-95,128,0,22.1
7,-96,128,0,22
7,-97,128,0,21.7
7,-98,128,0,21.7
7,-99,128,0,21.4
7,-100,128,0,21.3
7,-101,128,0,21.3
7,-102,128,0,21.2
7,-103,128,0,21.1
7,-104,128,0,21
7,-105,128,0,21
7,-106,128,0,20.9
7,-107,128,0,20.9
7,-108,128,0,20.7
7,-109,128,0,20.6
7,-110,128,0,20.6
7,-111,128,0,20.4
7,-112,128,0,20.1
7,-113,128,0,19.8
7,-114,128,0,19.5
7,-115,128,0,19.4
7,-116,128,0,19.1
7,-117,128,0,19.1
7,-118,128,0,18.8
7,-119,128,0,18.5
7,-120,128,0,18.5
7,-121,128,0,18.2
7,-122,128,0,18.1
7,-123,128,0,18
7,-124,128,0,17.9
7,-125,128,0,17.7
7,-126,128,0,17.7
7,-127,128,0,17.6
7,-128,128,0,17.5
7,-129,128,0,17.4
7,-130,128,0,16.7
7,-131,128,0,16.6
7,-132,128,0,16.5
7,-133,128,0,16.4
7,-134,128,0,16.2
7,-135,128,0,16
7,-136,128,0,15.9
7,-137,128,0,15.7
7,-138,128,0,15.5
7,-139,128,0,15.5
7,-140,128,0,15.5
7,-95,129,0,21.9
7,-96,129,0,21.8
7,-97,129,0,21.7
7,-98,129,0,21.6
7,-99,129,0,21.3
7,-100,129,0,21.1
7,-101,129,0,20.9
7,-102,129,0,20.9
7,-103,129,0,20.8
7,-104,129,0,20.7
7,-105,129,0,20.7
7,-106,129,0,20.5
7,-107,129,0,20.5
7,-108,129,0,20.4
7,-109,129,0,20.4
7,-110,129,0,20.3
7,-111,129,0,20
7,-112,129,0,19.6
7,-113,129,0,19.3
7,-114,129,0,19.2
7,-115,129,0,19.1
7,-116,129,0,18.8
7,-117,129,0,18.8
7,-118,129,0,18.7
7,-119,129,0,18.4
7,-120,129,0,18.4
7,-121,129,0,18.2
7,-122,129,0,18
7,-123,129,0,17.8
7,-124,129,0,17.7
7,-125,129,0,17.5
7,-126,129,0,17.4
7,-127,129,0,17.3
7,-128,129,0,17.1
7,-129,129,0,17.1
7,-130,129,0,16.3
7,-131,129,0,16.3
7,-132,129,0,16.2
7,-133,129,0,16.1
7,-134,129,0,15.9
7,-135,129,0,15.8
7,-136,129,0,15.8
7,-137,129,0,15.7
7,-138,129,0,15.5
7,-139,129,0,15.5
7,-140,129,0,15.5
7,-95,130,0,21.5
7,-96,130,0,21.4
7,-97,130,0,21.2
7,-98,130,0,21.1
7,-99,130,0,21
7,-100,130,0,20.8
7,-101,130,0,20.7
7,-102,130,0,20.7
7,-103,130,0,20.7
7,-104,130,0,20.7
7,-105,130,0,20.7
7,-106,130,0,20.5
7,-107,130,0,20.5
7,-108,130,0,20.3
7,-109,130,0,20.1
7,-110,130,0,20
7,-111,130,0,19.7
7,-112,130,0,19.4
7,-113,130,0,19.1
7,-114,130,0,19.1
7,-115,130,0,19.1
7,-116,130,0,18.8
7,-117,130,0,18.5
7,-118,130,0,18.4
7,-119,130,0,18
7,-120,130,0,17.9
7,-121,130,0,17.7
7,-122,130,0,17.5
7,-123,130,0,17.4
7,-124,130,0,17.3
7,-125,130,0,17.3
7,-126,130,0,17.3
7,-127,130,0,17.3
7,-128,130,0,17.1
7,-129,130,0,17.1
7,-130,130,0,16.3
7,-131,130,0,16.2
7,-132,130,0,16.1
7,-133,130,0,16
7,-134,130,0,15.9
7,-135,130,0,15.8
7,-136,130,0,15.8
7,-137,130,0,15.7
7,-138,130,0,15.4
7,-139,130,0,15.3
7,-140,130,0,15.2
7,-95,131,0,21.1
7,-96,131,0,20.9
7,-97,131,0,20.7
7,-98,131,0,20.7
7,-99,131,0,20.5
7,-100,131,0,20.5
7,-101,131,0,20.3
7,-102,131,0,20.2
7,-103,131,0,20
7,-104,131,0,19.9
7,-105,131,0,19.9
7,-106,131,0,19.7
7,-107,131,0,19.6
7,-108,131,0,19.5
7,-109,131,0,19.5
7,-110,131,0,19.5
7,-111,131,0,19.4
7,-112,131,0,19.1
7,-113,131,0,18.8
7,-114,131,0,18.6
7,-115,131,0,18.6
7,-116,131,0,18.3
7,-117,131,0,18.2
7,-118,131,0,18.2
7,-119,131,0,17.9
7,-120,131,0,17.9
7,-121,131,0,17.7
7,-122,131,0,17.5
7,-123,131,0,17.2
7,-124,131,0,17.2
7,-125,131,0,17
7,-126,131,0,17
7,-127,131,0,17
7,-128,131,0,16.9
7,-129,131,0,16.9
7,-130,131,0,16.1
7,-131,131,0,15.9
7,-132,131,0,15.9
7,-133,131,0,15.8
7,-134,131,0,15.8
7,-135,131,0,15.6
7,-136,131,0,15.6
7,-137,131,0,15.3
7,-138,131,0,15.1
7,-139,131,0,15.1
7,-140,131,0,14.9
7,-95,132,0,20.8
7,-96,132,0,20.7
7,-97,132,0,20.6
7,-98,132,0,20.5
7,-99,132,0,20.2
7,-100,132,0,20
7,-101,132,0,20
7,-102,132,0,19.9
7,-103,132,0,19.9
7,-104,132,0,19.8
7,-105,132,0,19.8
7,-106,132,0,19.4
7,-107,132,0,19.3
7,-108,132,0,19.3
7,-109,132,0,19.2
7,-110,132,0,19.2
7,-111,132,0,19
7,-112,132,0,18.8
7,-113,132,0,18.5
7,-114,132,0,18.4
7,-115,132,0,18.4
7,-116,132,0,18
7,-117,132,0,17.8
7,-118,132,0,17.8
7,-119,132,0,17.5
7,-120,132,0,17.5
7,-121,132,0,17.4
7,-122,132,0,17.3
7,-123,132,0,17.1
7,-124,132,0,17
7,-125,132,0,16.9
7,-126,132,0,16.8
7,-127,132,0,16.7
7,-128,132,0,16.6
7,-129,132,0,16.4
7,-130,132,0,15.8
7,-131,132,0,15.8
7,-132,132,0,15.8
7,-133,132,0,15.7
7,-134,132,0,15.5
7,-135,132,0,15.3
7,-136,132,0,15.3
7,-137,132,0,15
7,-138,132,0,14.8
7,-139,132,0,14.8
7,-140,132,0,14.8
7,-95,133,0,20.5
7,-96,133,0,20.4
7,-97,133,0,20.3
7,-98,133,0,20.3
7,-99,133,0,20
7,-100,133,0,19.9
7,-101,133,0,19.8
7,-102,133,0,19.7
7,-103,133,0,19.6
7,-104,133,0,19.6
7,-105,133,0,19.6
7,-106,133,0,19.1
7,-107,133,0,19.1
7,-108,133,0,19
7,-109,133,0,18.8
7,-110,133,0,18.8
7,-111,133,0,18.6
7,-112,133,0,18.4
7,-113,133,0,18.2
7,-114,133,0,18.1
7,-115,133,0,18.1
7,-116,133,0,17.7
7,-117,133,0,17.5
7,-118,133,0,17.4
7,-119,133,0,17.3
7,-120,133,0,17.3
7,-121,133,0,17.2
7,-122,133,0,17.2
7,-123,133,0,16.8
7,-124,133,0,16.8
7,-125,133,0,16.8
7,-126,133,0,16.8
7,-127,133,0,16.7
7,-128,133,0,16.6
7,-129,133,0,16.3
7,-130,133,0,15.7
7,-131,133,0,15.7
7,-132,133,0,15.7
7,-133,133,0,15.6
7,-134,133,0,15.4
7,-135,133,0,15.1
7,-136,133,0,15.1
7,-137,133,0,15
7,-138,133,0,14.8
7,-139,133,0,14.8
7,-140,133,0,14.7
7,-95,134,0,20.4
7,-96,134,0,20.3
7,-97,134,0,20.1
7,-98,134,0,20.1
7,-99,134,0,19.9
7,-100,134,0,19.8
7,-101,134,0,19.5
7,-102,134,0,19.4
7,-103,134,0,19.1
7,-104,134,0,19
7,-105,134,0,19
7,-106,134,0,18.7
7,-107,134,0,18.7
7,-108,134,0,18.6
7,-109,134,0,18.6
7,-110,134,0,18.6
7,-111,134,0,18.5
7,-112,134,0,18.2
7,-113,134,0,18
7,-114,134,0,17.9
7,-115,134,0,17.8
7,-116,134,0,17.3
7,-117,134,0,17.3
7,-118,134,0,17.2
7,-119,134,0,17
7,-120,134,0,17
7,-121,134,0,16.8
7,-122,134,0,16.7
7,-123,134,0,16.7
7,-124,134,0,16.7
7,-125,134,0,16.5
7,-126,134,0,16.5
7,-127,134,0,16.4
7,-128,134,0,16.2
7,-129,134,0,16.2
7,-130,134,0,15.6
7,-131,134,0,15.5
7,-132,134,0,15.4
7,-133,134,0,15.3
7,-134,134,0,15.1
7,-135,134,0,14.9
7,-136,134,0,14.9
7,-137,134,0,14.8
7,-138,134,0,14.6
7,-139,134,0,14.5
7,-140,134,0,14.5
7,-95,135,0,20.1
7,-96,135,0,20
7,-97,135,0,19.7
7,-98,135,0,19.6
7,-99,135,0,19.4
7,-100,135,0,19.2
7,-101,135,0,19
7,-102,135,0,19
7,-103,135,0,18.9
7,-104,135,0,18.8
7,-105,135,0,18.8
7,-106,135,0,18.6
7,-107,135,0,18.6
7,-108,135,0,18.5
7,-109,135,0,18.5
7,-110,135,0,18.4
7,-111,135,0,18.3
7,-112,135,0,18
7,-113,135,0,17.7
7,-114,135,0,17.6
7,-115,135,0,17.5
7,-116,135,0,17.2
7,-117,135,0,17.2
7,-118,135,0,17.1
7,-119,135,0,16.8
7,-120,135,0,16.8
7,-121,135,0,16.7
7,-122,135,0,16.6
7,-123,135,0,16.6
7,-124,135,0,16.5
7,-125,135,0,16.4
7,-126,135,0,16.3
7,-127,135,0,16.2
7,-128,135,0,16
7,-129,135,0,16
7,-130,135,0,15.3
7,-131,135,0,15.2
7,-132,135,0,15.2
7,-133,135,0,15.2
7,-134,135,0,15.1
7,-135,135,0,14.8
7,-136,135,0,14.8
7,-137,135,0,14.7
7,-138,135,0,14.5
7,-139,135,0,14.4
7,-140,135,0,14.2
7,-95,136,0,19.9
7,-96,136,0,19.8
7,-97,136,0,19.4
7,-98,136,0,19.4
7,-99,136,0,19.2
7,-100,136,0,19.2
7,-101,136,0,18.9
7,-102,136,0,18.9
7,-103,136,0,18.7
7,-104,136,0,18.6
7,-105,136,0,18.6
7,-106,136,0,18.5
7,-107,136,0,18.5
7,-108,136,0,18.5
7,-109,136,0,18.5
7,-110,136,0,18.4
7,-111,136,0,18.2
7,-112,136,0,17.8
7,-113,136,0,17.7
7,-114,136,0,17.6
7,-115,136,0,17.5
7,-116,136,0,17.2
7,-117,136,0,17
7,-118,136,0,16.9
7,-119,136,0,16.6
7,-120,136,0,16.6
7,-121,136,0,16.6
7,-122,136,0,16.4
7,-123,136,0,16.4
7,-124,136,0,16.2
7,-125,136,0,16
7,-126,136,0,16
7,-127,136,0,16
7,-128,136,0,15.7
7,-129,136,0,15.7
7,-130,136,0,15
7,-131,136,0,14.9
7,-132,136,0,14.8
7,-133,136,0,14.8
7,-134,136,0,14.7
7,-135,136,0,14.6
7,-136,136,0,14.5
7,-137,136,0,14.4
7,-138,136,0,14.3
7,-139,136,0,14.3
7,-140,136,0,14.2
7,-95,137,0,19.6
7,-96,137,0,19.4
7,-97,137,0,19
7,-98,137,0,19
7,-99,137,0,18.7
7,-100,137,0,18.6
7,-101,137,0,18.4
7,-102,137,0,18.3
7,-103,137,0,18.2
7,-104,137,0,18.1
7,-105,137,0,18.1
7,-106,137,0,18
7,-107,137,0,18
7,-108,137,0,18
7,-109,137,0,17.9
7,-110,137,0,17.9
7,-111,137,0,17.8
7,-112,137,0,17.5
7,-113,137,0,17.4
7,-114,137,0,17.3
7,-115,137,0,17.2
7,-116,137,0,16.8
7,-117,137,0,16.7
7,-118,137,0,16.6
7,-119,137,0,16.5
7,-120,137,0,16.5
7,-121,137,0,16.5
7,-122,137,0,16.3
7,-123,137,0,16.2
7,-124,137,0,16
7,-125,137,0,15.9
7,-126,137,0,15.9
7,-127,137,0,15.7
7,-128,137,0,15.6
7,-129,137,0,15.5
7,-130,137,0,14.9
7,-131,137,0,14.8
7,-132,137,0,14.7
7,-133,137,0,14.6
7,-134,137,0,14.5
7,-135,137,0,14.4
7,-136,137,0,14.4
7,-137,137,0,14.2
7,-138,137,0,14
7,-139,137,0,14
7,-140,137,0,13.9
7,-95,138,0,19.4
7,-96,138,0,19.1
7,-97,138,0,18.8
7,-98,138,0,18.7
7,-99,138,0,18.3
7,-100,138,0,18.1
7,-101,138,0,18
7,-102,138,0,18
7,-103,138,0,17.9
7,-104,138,0,17.9
7,-105,138,0,17.9
7,-106,138,0,17.8
7,-107,138,0,17.8
7,-108,138,0,17.7
7,-109,138,0,17.7
7,-110,138,0,17.7
7,-111,138,0,17.6
7,-112,138,0,17.4
7,-113,138,0,17
7,-114,138,0,17
7,-115,138,0,16.9
7,-116,138,0,16.6
7,-117,138,0,16.6
7,-118,138,0,16.5
7,-119,138,0,16.5
7,-120,138,0,16.3
7,-121,138,0,16.2
7,-122,138,0,16.1
7,-123,138,0,15.8
7,-124,138,0,15.8
7,-125,138,0,15.6
7,-126,138,0,15.6
7,-127,138,0,15.4
7,-128,138,0,15.3
7,-129,138,0,15.3
7,-130,138,0,14.7
7,-131,138,0,14.6
7,-132,138,0,14.6
7,-133,138,0,14.5
7,-134,138,0,14.3
7,-135,138,0,14.3
7,-136,138,0,14.3
7,-137,138,0,14.1
7,-138,138,0,13.9
7,-139,138,0,13.9
7,-140,138,0,13.8
7,-95,139,0,19
7,-96,139,0,18.7
7,-97,139,0,18.4
7,-98,139,0,18.4
7,-99,139,0,18.1
7,-100,139,0,18
7,-101,139,0,17.9
7,-102,139,0,17.9
7,-103,139,0,17.9
7,-104,139,0,17.9
7,-105,139,0,17.9
7,-106,139,0,17.7
7,-107,139,0,17.7
7,-108,139,0,17.7
7,-109,139,0,17.5
7,-110,139,0,17.5
7,-111,139,0,17.4
7,-112,139,0,17.2
7,-113,139,0,16.8
7,-114,139,0,16.6
7,-115,139,0,16.6
7,-116,139,0,16.4
7,-117,139,0,16.4
7,-118,139,0,16.3
7,-119,139,0,16.2
7,-120,139,0,16.1
7,-121,139,0,15.9
7,-122,139,0,15.9
7,-123,139,0,15.6
7,-124,139,0,15.5
7,-125,139,0,15.4
7,-126,139,0,15.4
7,-127,139,0,15.2
7,-128,139,0,15.1
7,-129,139,0,15.1
7,-130,139,0,14.5
7,-131,139,0,14.4
7,-132,139,0,14.4
7,-133,139,0,14.3
7,-134,139,0,14.2
7,-135,139,0,14.1
7,-136,139,0,14.1
7,-137,139,0,13.9
7,-138,139,0,13.8
7,-139,139,0,13.8
7,-140,139,0,13.8
7,-95,140,0,18.8
7,-96,140,0,18.5
7,-97,140,0,18.1
7,-98,140,0,18.1
7,-99,140,0,18
7,-100,140,0,18
7,-101,140,0,17.8
7,-102,140,0,17.8
7,-103,140,0,17.6
7,-104,140,0,17.6
7,-105,140,0,17.6
7,-106,140,0,17.3
7,-107,140,0,17.2
7,-108,140,0,17.2
7,-109,140,0,17.2
7,-110,140,0,17.2
7,-111,140,0,16.8
7,-112,140,0,16.5
7,-113,140,0,16.3
7,-114,140,0,16.3
7,-115,140,0,16.2
7,-116,140,0,16.1
7,-117,140,0,16
7,-118,140,0,16
7,-119,140,0,15.9
7,-120,140,0,15.9
7,-121,140,0,15.7
7,-122,140,0,15.6
7,-123,140,0,15.4
7,-124,140,0,15.4
7,-125,140,0,15.4
7,-126,140,0,15.4
7,-127,140,0,15.2
7,-128,140,0,15
7,-129,140,0,14.9
7,-130,140,0,14.4
7,-131,140,0,14.4
7,-132,140,0,14.3
7,-133,140,0,14.2
7,-134,140,0,14.2
7,-135,140,0,13.9
7,-136,140,0,13.9
7,-137,140,0,13.8
7,-138,140,0,13.7
7,-139,140,0,13.7
7,-140,140,0,13.6
7,-95,141,0,18.5
7,-96,141,0,18.3
7,-97,141,0,17.9
7,-98,141,0,17.8
7,-99,141,0,17.6
7,-100,141,0,17.5
7,-101,141,0,17.5
7,-102,141,0,17.5
7,-103,141,0,17.5
7,-104,141,0,17.3
7,-105,141,0,17.3
7,-106,141,0,17
7,-107,141,0,16.9
7,-108,141,0,16.8
7,-109,141,0,16.8
7,-110,141,0,16.8
7,-111,141,0,16.7
7,-112,141,0,16.4
7,-113,141,0,16.2
7,-114,141,0,16.1
7,-115,141,0,16.1
7,-116,141,0,16
7,-117,141,0,16
7,-118,141,0,16
7,-119,141,0,15.8
7,-120,141,0,15.8
7,-121,141,0,15.6
7,-122,141,0,15.5
7,-123,141,0,15.4
7,-124,141,0,15.2
7,-125,141,0,15.1
7,-126,141,0,15.1
7,-127,141,0,15.1
7,-128,141,0,14.8
7,-129,141,0,14.8
7,-130,141,0,14.3
7,-131,141,0,14.3
7,-132,141,0,14.2
7,-133,141,0,14.1
7,-134,141,0,14
7,-135,141,0,13.8
7,-136,141,0,13.7
7,-137,141,0,13.7
7,-138,141,0,13.6
7,-139,141,0,13.5
7,-140,141,0,13.4
7,-95,142,0,18.1
7,-96,142,0,17.9
7,-97,142,0,17.5
7,-98,142,0,17.5
7,-99,142,0,17.3
7,-100,142,0,17.3
7,-101,142,0,17.3
7,-102,142,0,17.2
7,-103,142,0,17
7,-104,142,0,16.9
7,-105,142,0,16.9
7,-106,142,0,16.7
7,-107,142,0,16.7
7,-108,142,0,16.6
7,-109,142,0,16.6
7,-110,142,0,16.6
7,-111,142,0,16.4
7,-112,142,0,16.1
7,-113,142,0,16.1
7,-114,142,0,16.1
7,-115,142,0,16
7,-116,142,0,15.9
7,-117,142,0,15.9
7,-118,142,0,15.8
7,-119,142,0,15.5
7,-120,142,0,15.5
7,-121,142,0,15.5
7,-122,142,0,15.3
7,-123,142,0,15.1
7,-124,142,0,15.1
7,-125,142,0,14.9
7,-126,142,0,14.8
7,-127,142,0,14.7
7,-128,142,0,14.6
7,-129,142,0,14.5
7,-130,142,0,14.1
7,-131,142,0,14.1
7,-132,142,0,14
7,-133,142,0,13.8
7,-134,142,0,13.7
7,-135,142,0,13.6
7,-136,142,0,13.6
7,-137,142,0,13.6
7,-138,142,0,13.4
7,-139,142,0,13.3
7,-140,142,0,13.2
7,-95,143,0,17.8
7,-96,143,0,17.5
7,-97,143,0,17.3
7,-98,143,0,17.3
7,-99,143,0,17.2
7,-100,143,0,17.1
7,-101,143,0,17
7,-102,143,0,17
7,-103,143,0,16.9
7,-104,143,0,16.7
7,-105,143,0,16.7
7,-106,143,0,16.5
7,-107,143,0,16.5
7,-108,143,0,16.5
7,-109,143,0,16.4
7,-110,143,0,16.4
7,-111,143,0,16.2
7,-112,143,0,16.1
7,-113,143,0,16.1
7,-114,143,0,16.1
7,-115,143,0,16
7,-116,143,0,15.8
7,-117,143,0,15.7
7,-118,143,0,15.6
7,-119,143,0,15.4
7,-120,143,0,15.4
7,-121,143,0,15.4
7,-122,143,0,15.1
7,-123,143,0,14.8
7,-124,143,0,14.8
7,-125,143,0,14.8
7,-126,143,0,14.8
7,-127,143,0,14.7
7,-128,143,0,14.6
7,-129,143,0,14.5
7,-130,143,0,14
7,-131,143,0,13.9
7,-132,143,0,13.8
7,-133,143,0,13.7
7,-134,143,0,13.6
7,-135,143,0,13.6
7,-136,143,0,13.6
7,-137,143,0,13.4
7,-138,143,0,13.2
7,-139,143,0,13.2
7,-140,143,0,13
7,-95,144,0,17.8
7,-96,144,0,17.3
7,-97,144,0,17.1
7,-98,144,0,17.1
7,-99,144,0,17
7,-100,144,0,16.8
7,-101,144,0,16.6
7,-102,144,0,16.6
7,-103,144,0,16.6
7,-104,144,0,16.4
7,-105,144,0,16.4
7,-106,144,0,16.2
7,-107,144,0,16.2
7,-108,144,0,16.2
7,-109,144,0,16.2
7,-110,144,0,16.1
7,-111,144,0,16.1
7,-112,144,0,16
7,-113,144,0,15.8
7,-114,144,0,15.8
7,-115,144,0,15.8
7,-116,144,0,15.6
7,-117,144,0,15.5
7,-118,144,0,15.5
7,-119,144,0,15.4
7,-120,144,0,15.4
7,-121,144,0,15.4
7,-122,144,0,15.1
7,-123,144,0,14.8
7,-124,144,0,14.7
7,-125,144,0,14.7
7,-126,144,0,14.7
7,-127,144,0,14.6
7,-128,144,0,14.3
7,-129,144,0,14.2
7,-130,144,0,13.8
7,-131,144,0,13.7
7,-132,144,0,13.7
7,-133,144,0,13.6
7,-134,144,0,13.4
7,-135,144,0,13.3
7,-136,144,0,13.3
7,-137,144,0,13.1
7,-138,144,0,12.9
7,-139,144,0,12.9
7,-140,144,0,12.8
7,-95,145,0,17.5
7,-96,145,0,17.1
7,-97,145,0,16.9
7,-98,145,0,16.8
7,-99,145,0,16.6
7,-100,145,0,16.5
7,-101,145,0,16.4
7,-102,145,0,16.3
7,-103,145,0,16.2
7,-104,145,0,16.2
7,-105,145,0,16.2
7,-106,145,0,16.2
7,-107,145,0,16.2
7,-108,145,0,16.2
7,-109,145,0,16.1
7,-110,145,0,16
7,-111,145,0,16
7,-112,145,0,16
7,-113,145,0,15.7
7,-114,145,0,15.6
7,-115,145,0,15.6
7,-116,145,0,15.5
7,-117,145,0,15.3
7,-118,145,0,15.3
7,-119,145,0,15.2
7,-120,145,0,15.2
7,-121,145,0,14.9
7,-122,145,0,14.8
7,-123,145,0,14.6
7,-124,145,0,14.5
7,-125,145,0,14.4
7,-126,145,0,14.4
7,-127,145,0,14.2
7,-128,145,0,14.1
7,-129,145,0,13.8
7,-130,145,0,13.5
7,-131,145,0,13.5
7,-132,145,0,13.5
7,-133,145,0,13.4
7,-134,145,0,13.3
7,-135,145,0,13
7,-136,145,0,13
7,-137,145,0,12.8
7,-138,145,0,12.5
7,-139,145,0,12.5
7,-140,145,0,12.4
7,-95,146,0,16.9
7,-96,146,0,16.5
7,-97,146,0,16.3
7,-98,146,0,16.3
7,-99,146,0,16.2
7,-100,146,0,16.2
7,-101,146,0,16.1
7,-102,146,0,16.1
7,-103,146,0,16.1
7,-104,146,0,16.1
7,-105,146,0,16.1
7,-106,146,0,16
7,-107,146,0,16
7,-108,146,0,15.9
7,-109,146,0,15.8
7,-110,146,0,15.8
7,-111,146,0,15.7
7,-112,146,0,15.6
7,-113,146,0,15.6
7,-114,146,0,15.5
7,-115,146,0,15.4
7,-116,146,0,15.3
7,-117,146,0,15.2
7,-118,146,0,15.1
7,-119,146,0,15.1
7,-120,146,0,15
7,-121,146,0,14.6
7,-122,146,0,14.5
7,-123,146,0,14.4
7,-124,146,0,14.2
7,-125,146,0,14.1
7,-126,146,0,14
7,-127,146,0,13.9
7,-128,146,0,13.7
7,-129,146,0,13.6
7,-130,146,0,13.3
7,-131,146,0,13.2
7,-132,146,0,13.2
7,-133,146,0,13.1
7,-134,146,0,13
7,-135,146,0,12.9
7,-136,146,0,12.9
7,-137,146,0,12.7
7,-138,146,0,12.4
7,-139,146,0,12.4
7,-140,146,0,12.3
7,-95,147,0,16.7
7,-96,147,0,16.5
7,-97,147,0,16.3
7,-98,147,0,16.3
7,-99,147,0,16.1
7,-100,147,0,16.1
7,-101,147,0,16
7,-102,147,0,16
7,-103,147,0,16
7,-104,147,0,15.9
7,-105,147,0,15.9
7,-106,147,0,15.7
7,-107,147,0,15.7
7,-108,147,0,15.7
7,-109,147,0,15.7
7,-110,147,0,15.7
7,-111,147,0,15.6
7,-112,147,0,15.4
7,-113,147,0,15.4
7,-114,147,0,15.2
7,-115,147,0,15.2
7,-116,147,0,15.1
7,-117,147,0,15.1
7,-118,147,0,15
7,-119,147,0,14.7
7,-120,147,0,14.7
7,-121,147,0,14.5
7,-122,147,0,14.3
7,-123,147,0,14.1
7,-124,147,0,14
7,-125,147,0,13.9
7,-126,147,0,13.9
7,-127,147,0,13.7
7,-128,147,0,13.4
7,-129,147,0,13.3
7,-130,147,0,13
7,-131,147,0,13
7,-132,147,0,13
7,-133,147,0,12.9
7,-134,147,0,12.8
7,-135,147,0,12.6
7,-136,147,0,12.6
7,-137,147,0,12.4
7,-138,147,0,12.2
7,-139,147,0,12.2
7,-140,147,0,12
7,-95,148,0,16.5
7,-96,148,0,16.3
7,-97,148,0,16.1
7,-98,148,0,16.1
7,-99,148,0,16
7,-100,148,0,16
7,-101,148,0,15.9
7,-102,148,0,15.9
7,-103,148,0,15.9
7,-104,148,0,15.9
7,-105,148,0,15.9
7,-106,148,0,15.7
7,-107,148,0,15.7
7,-108,148,0,15.6
7,-109,148,0,15.6
7,-110,148,0,15.6
7,-111,148,0,15.4
7,-112,148,0,15.2
7,-113,148,0,15.2
7,-114,148,0,15.2
7,-115,148,0,15
7,-116,148,0,14.9
7,-117,148,0,14.9
7,-118,148,0,14.9
7,-119,148,0,14.5
7,-120,148,0,14.4
7,-121,148,0,14.3
7,-122,148,0,14.2
7,-123,148,0,13.9
7,-124,148,0,13.8
7,-125,148,0,13.8
7,-126,148,0,13.8
7,-127,148,0,13.6
7,-128,148,0,13.3
7,-129,148,0,13.3
7,-130,148,0,12.9
7,-131,148,0,12.9
7,-132,148,0,12.7
7,-133,148,0,12.7
7,-134,148,0,12.6
7,-135,148,0,12.5
7,-136,148,0,12.4
7,-137,148,0,12.1
7,-138,148,0,11.8
7,-139,148,0,11.8
7,-140,148,0,11.7
7,-95,149,0,16.4
7,-96,149,0,16.2
7,-97,149,0,16.1
7,-98,149,0,16.1
7,-99,149,0,15.9
7,-100,149,0,15.9
7,-101,149,0,15.8
7,-102,149,0,15.8
7,-103,149,0,15.7
7,-104,149,0,15.6
7,-105,149,0,15.6
7,-106,149,0,15.5
7,-107,149,0,15.5
7,-108,149,0,15.5
7,-109,149,0,15.3
7,-110,149,0,15.3
7,-111,149,0,15.2
7,-112,149,0,15.1
7,-113,149,0,14.9
7,-114,149,0,14.9
7,-115,149,0,14.8
7,-116,149,0,14.5
7,-117,149,0,14.5
7,-118,149,0,14.5
7,-119,149,0,14.3
7,-120,149,0,14.3
7,-121,149,0,14.2
7,-122,149,0,14
7,-123,149,0,13.8
7,-124,149,0,13.7
7,-125,149,0,13.6
7,-126,149,0,13.6
7,-127,149,0,13.4
7,-128,149,0,13.3
7,-129,149,0,13.1
7,-130,149,0,12.8
7,-131,149,0,12.8
7,-132,149,0,12.7
7,-133,149,0,12.6
7,-134,149,0,12.3
7,-135,149,0,11.9
7,-136,149,0,11.9
7,-137,149,0,11.9
7,-138,149,0,11.6
7,-139,149,0,11.6
7,-140,149,0,11.5
7,-95,150,0,16.1
7,-96,150,0,15.9
7,-97,150,0,15.8
7,-98,150,0,15.7
7,-99,150,0,15.5
7,-100,150,0,15.5
7,-101,150,0,15.5
7,-102,150,0,15.5
7,-103,150,0,15.3
7,-104,150,0,15.3
7,-105,150,0,15.3
7,-106,150,0,15.2
7,-107,150,0,15.1
7,-108,150,0,15.1
7,-109,150,0,15.1
7,-110,150,0,15.1
7,-111,150,0,15.1
7,-112,150,0,15
7,-113,150,0,14.9
7,-114,150,0,14.7
7,-115,150,0,14.6
7,-116,150,0,14.4
7,-117,150,0,14.2
7,-118,150,0,14.2
7,-119,150,0,14
7,-120,150,0,14
7,-121,150,0,13.9
7,-122,150,0,13.8
7,-123,150,0,13.6
7,-124,150,0,13.6
7,-125,150,0,13.6
7,-126,150,0,13.5
7,-127,150,0,13.1
7,-128,150,0,12.9
7,-129,150,0,12.8
7,-130,150,0,12.5
7,-131,150,0,12.4
7,-132,150,0,12.3
7,-133,150,0,12.2
7,-134,150,0,12.1
7,-135,150,0,11.7
7,-136,150,0,11.7
7,-137,150,0,11.6
7,-138,150,0,11.4
7,-139,150,0,11.3
7,-140,150,0,11.1
7,-95,151,0,16
7,-96,151,0,15.8
7,-97,151,0,15.6
7,-98,151,0,15.6
7,-99,151,0,15.5
7,-100,151,0,15.3
7,-101,151,0,15.3
7,-102,151,0,15.3
7,-103,151,0,15.3
7,-104,151,0,15.3
7,-105,151,0,15.3
7,-106,151,0,15
7,-107,151,0,14.9
7,-108,151,0,14.9
7,-109,151,0,14.8
7,-110,151,0,14.8
7,-111,151,0,14.8
7,-112,151,0,14.8
7,-113,151,0,14.6
7,-114,151,0,14.4
7,-115,151,0,14.2
7,-116,151,0,14.1
7,-117,151,0,14.1
7,-118,151,0,14.1
7,-119,151,0,13.8
7,-120,151,0,13.8
7,-121,151,0,13.7
7,-122,151,0,13.6
7,-123,151,0,13.4
7,-124,151,0,13.1
7,-125,151,0,12.9
7,-126,151,0,12.8
7,-127,151,0,12.6
7,-128,151,0,12.5
7,-129,151,0,12.4
7,-130,151,0,12.1
7,-131,151,0,12.1
7,-132,151,0,12
7,-133,151,0,11.9
7,-134,151,0,11.8
7,-135,151,0,11.6
7,-136,151,0,11.6
7,-137,151,0,11.3
7,-138,151,0,11
7,-139,151,0,11
7,-140,151,0,11
7,-95,152,0,15.9
7,-96,152,0,15.7
7,-97,152,0,15.4
7,-98,152,0,15.4
7,-99,152,0,15.3
7,-100,152,0,15.2
7,-101,152,0,15.2
7,-102,152,0,15.1
7,-103,152,0,15.1
7,-104,152,0,15.1
7,-105,152,0,15.1
7,-106,152,0,14.9
7,-107,152,0,14.8
7,-108,152,0,14.8
7,-109,152,0,14.8
7,-110,152,0,14.8
7,-111,152,0,14.6
7,-112,152,0,14.4
7,-113,152,0,14.2
7,-114,152,0,14.2
7,-115,152,0,14.2
7,-116,152,0,14
7,-117,152,0,13.9
7,-118,152,0,13.9
7,-119,152,0,13.7
7,-120,152,0,13.6
7,-121,152,0,13.5
7,-122,152,0,13.2
7,-123,152,0,12.8
7,-124,152,0,12.8
7,-125,152,0,12.7
7,-126,152,0,12.7
7,-127,152,0,12.5
7,-128,152,0,12.4
7,-129,152,0,12.3
7,-130,152,0,12
7,-131,152,0,11.9
7,-132,152,0,11.8
7,-133,152,0,11.7
7,-134,152,0,11.6
7,-135,152,0,11.3
7,-136,152,0,11.3
7,-137,152,0,11.1
7,-138,152,0,11
7,-139,152,0,11
7,-140,152,0,11
7,-95,153,0,15.6
7,-96,153,0,15.5
7,-97,153,0,15.3
7,-98,153,0,15.3
7,-99,153,0,15.2
7,-100,153,0,15.2
7,-101,153,0,15.1
7,-102,153,0,15.1
7,-103,153,0,15
7,-104,153,0,14.9
7,-105,153,0,14.9
7,-106,153,0,14.8
7,-107,153,0,14.8
7,-108,153,0,14.6
7,-109,153,0,14.5
7,-110,153,0,14.5
7,-111,153,0,14.4
7,-112,153,0,14.1
7,-113,153,0,14
7,-114,153,0,13.9
7,-115,153,0,13.9
7,-116,153,0,13.7
7,-117,153,0,13.7
7,-118,153,0,13.6
7,-119,153,0,13.5
7,-120,153,0,13.4
7,-121,153,0,13.2
7,-122,153,0,12.9
7,-123,153,0,12.6
7,-124,153,0,12.4
7,-125,153,0,12.4
7,-126,153,0,12.3
7,-127,153,0,12.2
7,-128,153,0,12.1
7,-129,153,0,12.1
7,-130,153,0,11.8
7,-131,153,0,11.8
7,-132,153,0,11.6
7,-133,153,0,11.5
7,-134,153,0,11.4
7,-135,153,0,11.1
7,-136,153,0,11.1
7,-137,153,0,11
7,-138,153,0,10.8
7,-139,153,0,10.8
7,-140,153,0,10.7
7,-95,154,0,15.5
7,-96,154,0,15.4
7,-97,154,0,15.2
7,-98,154,0,15.2
7,-99,154,0,15.1
7,-100,154,0,15.1
7,-101,154,0,14.9
7,-102,154,0,14.9
7,-103,154,0,14.9
7,-104,154,0,14.7
7,-105,154,0,14.7
7,-106,154,0,14.5
7,-107,154,0,14.5
7,-108,154,0,14.5
7,-109,154,0,14.3
7,-110,154,0,14.3
7,-111,154,0,14.2
7,-112,154,0,13.9
7,-113,154,0,13.8
7,-114,154,0,13.8
7,-115,154,0,13.7
7,-116,154,0,13.5
7,-117,154,0,13.4
7,-118,154,0,13.3
7,-119,154,0,13.1
7,-120,154,0,13
7,-121,154,0,12.9
7,-122,154,0,12.7
7,-123,154,0,12.4
7,-124,154,0,12.2
7,-125,154,0,12
7,-126,154,0,12
7,-127,154,0,11.9
7,-128,154,0,11.9
7,-129,154,0,11.7
7,-130,154,0,11.5
7,-131,154,0,11.5
7,-132,154,0,11.5
7,-133,154,0,11.4
7,-134,154,0,11.2
7,-135,154,0,11
7,-136,154,0,11
7,-137,154,0,11
7,-138,154,0,10.7
7,-139,154,0,10.6
7,-140,154,0,10.5
7,-95,155,0,15.1
7,-96,155,0,14.9
7,-97,155,0,14.8
7,-98,155,0,14.8
7,-99,155,0,14.8
7,-100,155,0,14.8
7,-101,155,0,14.6
7,-102,155,0,14.6
7,-103,155,0,14.6
7,-104,155,0,14.6
7,-105,155,0,14.6
7,-106,155,0,14.3
7,-107,155,0,14.2
7,-108,155,0,14.2
7,-109,155,0,14.1
7,-110,155,0,14.1
7,-111,155,0,14
7,-112,155,0,13.7
7,-113,155,0,13.7
7,-114,155,0,13.5
7,-115,155,0,13.2
7,-116,155,0,13
7,-117,155,0,12.9
7,-118,155,0,12.9
7,-119,155,0,12.7
7,-120,155,0,12.6
7,-121,155,0,12.5
7,-122,155,0,12.3
7,-123,155,0,12
7,-124,155,0,12
7,-125,155,0,11.8
7,-126,155,0,11.8
7,-127,155,0,11.7
7,-128,155,0,11.7
7,-129,155,0,11.6
7,-130,155,0,11.3
7,-131,155,0,11.1
7,-132,155,0,11
7,-133,155,0,11
7,-134,155,0,10.9
7,-135,155,0,10.8
7,-136,155,0,10.8
7,-137,155,0,10.6
7,-138,155,0,10.4
7,-139,155,0,10.4
7,-140,155,0,10.2
7,-95,156,0,15.1
7,-96,156,0,14.9
7,-97,156,0,14.8
7,-98,156,0,14.8
7,-99,156,0,14.7
7,-100,156,0,14.7
7,-101,156,0,14.5
7,-102,156,0,14.5
7,-103,156,0,14.5
7,-104,156,0,14.5
7,-105,156,0,14.5
7,-106,156,0,14.1
7,-107,156,0,14.1
7,-108,156,0,14.1
7,-109,156,0,13.8
7,-110,156,0,13.8
7,-111,156,0,13.6
7,-112,156,0,13.3
7,-113,156,0,13.2
7,-114,156,0,13.2
7,-115,156,0,13
7,-116,156,0,12.7
7,-117,156,0,12.6
7,-118,156,0,12.6
7,-119,156,0,12.5
7,-120,156,0,12.5
7,-121,156,0,12.3
7,-122,156,0,12.2
7,-123,156,0,11.8
7,-124,156,0,11.7
7,-125,156,0,11.7
7,-126,156,0,11.7
7,-127,156,0,11.6
7,-128,156,0,11.4
7,-129,156,0,11.4
7,-130,156,0,11.1
7,-131,156,0,11
7,-132,156,0,10.9
7,-133,156,0,10.8
7,-134,156,0,10.5
7,-135,156,0,10.4
7,-136,156,0,10.4
7,-137,156,0,10.1
7,-138,156,0,10
7,-139,156,0,9.9
7,-140,156,0,9.9
7,-95,157,0,14.9
7,-96,157,0,14.7
7,-97,157,0,14.7
7,-98,157,0,14.6
7,-99,157,0,14.5
7,-100,157,0,14.4
7,-101,157,0,14.4
7,-102,157,0,14.2
7,-103,157,0,14.2
7,-104,157,0,14.1
7,-105,157,0,14.1
7,-106,157,0,13.9
7,-107,157,0,13.9
7,-108,157,0,13.8
7,-109,157,0,13.7
7,-110,157,0,13.7
7,-111,157,0,13.6
7,-112,157,0,13.2
7,-113,157,0,13
7,-114,157,0,13
7,-115,157,0,12.9
7,-116,157,0,12.6
7,-117,157,0,12.6
7,-118,157,0,12.6
7,-119,157,0,12.4
7,-120,157,0,12.3
7,-121,157,0,12.1
7,-122,157,0,12
7,-123,157,0,11.8
7,-124,157,0,11.6
7,-125,157,0,11.5
7,-126,157,0,11.5
7,-127,157,0,11.4
7,-128,157,0,11.1
7,-129,157,0,11.1
7,-130,157,0,10.8
7,-131,157,0,10.7
7,-132,157,0,10.6
7,-133,157,0,10.5
7,-134,157,0,10.4
7,-135,157,0,10.4
7,-136,157,0,10.4
7,-137,157,0,10
7,-138,157,0,9.7
7,-139,157,0,9.7
7,-140,157,0,9.7
7,-95,158,0,14.6
7,-96,158,0,14.5
7,-97,158,0,14.4
7,-98,158,0,14.4
7,-99,158,0,14.4
7,-100,158,0,14.3
7,-101,158,0,14
7,-102,158,0,14
7,-103,158,0,13.9
7,-104,158,0,13.8
7,-105,158,0,13.8
7,-106,158,0,13.5
7,-107,158,0,13.5
7,-108,158,0,13.4
7,-109,158,0,13.2
7,-110,158,0,13.2
7,-111,158,0,13.2
7,-112,158,0,12.9
7,-113,158,0,12.7
7,-114,158,0,12.6
7,-115,158,0,12.6
7,-116,158,0,12.4
7,-117,158,0,12.3
7,-118,158,0,12.3
7,-119,158,0,12.2
7,-120,158,0,12.1
7,-121,158,0,11.8
7,-122,158,0,11.6
7,-123,158,0,11.5
7,-124,158,0,11.4
7,-125,158,0,11.1
7,-126,158,0,11.1
7,-127,158,0,11.1
7,-128,158,0,11
7,-129,158,0,10.9
7,-130,158,0,10.6
7,-131,158,0,10.5
7,-132,158,0,10.5
7,-133,158,0,10.4
7,-134,158,0,10.3
7,-135,158,0,9.9
7,-136,158,0,9.9
7,-137,158,0,9.9
7,-138,158,0,9.7
7,-139,158,0,9.6
7,-140,158,0,9.5
7,-95,159,0,14.5
7,-96,159,0,14.4
7,-97,159,0,14.2
7,-98,159,0,14.1
7,-99,159,0,14.1
7,-100,159,0,14
7,-101,159,0,13.7
7,-102,159,0,13.7
7,-103,159,0,13.7
7,-104,159,0,13.6
7,-105,159,0,13.6
7,-106,159,0,13.2
7,-107,159,0,13.2
7,-108,159,0,13.2
7,-109,159,0,13.2
7,-110,159,0,13.1
7,-111,159,0,13
7,-112,159,0,12.7
7,-113,159,0,12.6
7,-114,159,0,12.4
7,-115,159,0,12.4
7,-116,159,0,12.2
7,-117,159,0,12.1
7,-118,159,0,12.1
7,-119,159,0,11.9
7,-120,159,0,11.8
7,-121,159,0,11.6
7,-122,159,0,11.5
7,-123,159,0,11.1
7,-124,159,0,11.1
7,-125,159,0,11.1
7,-126,159,0,10.9
7,-127,159,0,10.8
7,-128,159,0,10.7
7,-129,159,0,10.7
7,-130,159,0,10.4
7,-131,159,0,10.4
7,-132,159,0,10.4
7,-133,159,0,10.3
7,-134,159,0,10.2
7,-135,159,0,9.9
7,-136,159,0,9.9
7,-137,159,0,9.7
7,-138,159,0,9.5
7,-139,159,0,9.4
7,-140,159,0,9.3
7,-95,160,0,14.2
7,-96,160,0,14.1
7,-97,160,0,13.9
7,-98,160,0,13.9
7,-99,160,0,13.8
7,-100,160,0,13.8
7,-101,160,0,13.6
7,-102,160,0,13.6
7,-103,160,0,13.5
7,-104,160,0,13.4
7,-105,160,0,13.4
7,-106,160,0,13.2
7,-107,160,0,13.2
7,-108,160,0,13
7,-109,160,0,13
7,-110,160,0,13
7,-111,160,0,12.8
7,-112,160,0,12.5
7,-113,160,0,12.4
7,-114,160,0,12.2
7,-115,160,0,12.2
7,-116,160,0,12.1
7,-117,160,0,12
7,-118,160,0,12
7,-119,160,0,11.5
7,-120,160,0,11.5
7,-121,160,0,11.5
7,-122,160,0,11.2
7,-123,160,0,10.9
7,-124,160,0,10.9
7,-125,160,0,10.9
7,-126,160,0,10.9
7,-127,160,0,10.8
7,-128,160,0,10.7
7,-129,160,0,10.7
7,-130,160,0,10.4
7,-131,160,0,10.3
7,-132,160,0,10.3
7,-133,160,0,10.2
7,-134,160,0,10
7,-135,160,0,9.7
7,-136,160,0,9.7
7,-137,160,0,9.5
7,-138,160,0,9.2
7,-139,160,0,9.2
7,-140,160,0,8.9
7,-95,161,0,14
7,-96,161,0,13.8
7,-97,161,0,13.7
7,-98,161,0,13.7
7,-99,161,0,13.4
7,-100,161,0,13.3
7,-101,161,0,13.3
7,-102,161,0,13.2
7,-103,161,0,13.2
7,-104,161,0,13.1
7,-105,161,0,13.1
7,-106,161,0,13
7,-107,161,0,12.9
7,-108,161,0,12.7
7,-109,161,0,12.7
7,-110,161,0,12.7
7,-111,161,0,12.5
7,-112,161,0,12.2
7,-113,161,0,12.2
7,-114,161,0,12.2
7,-115,161,0,12.2
7,-116,161,0,11.7
7,-117,161,0,11.7
7,-118,161,0,11.7
7,-119,161,0,11.4
7,-120,161,0,11.3
7,-121,161,0,11.1
7,-122,161,0,11
7,-123,161,0,10.8
7,-124,161,0,10.7
7,-125,161,0,10.6
7,-126,161,0,10.6
7,-127,161,0,10.5
7,-128,161,0,10.4
7,-129,161,0,10.4
7,-130,161,0,10.1
7,-131,161,0,10
7,-132,161,0,9.8
7,-133,161,0,9.6
7,-134,161,0,9.4
7,-135,161,0,9.1
7,-136,161,0,9.1
7,-137,161,0,8.9
7,-138,161,0,8.7
7,-139,161,0,8.7
7,-140,161,0,8.6
7,-95,162,0,13.8
7,-96,162,0,13.6
7,-97,162,0,13.4
7,-98,162,0,13.4
7,-99,162,0,13.1
7,-100,162,0,13.1
7,-101,162,0,12.9
7,-102,162,0,12.9
7,-103,162,0,12.9
7,-104,162,0,12.9
7,-105,162,0,12.9
7,-106,162,0,12.7
7,-107,162,0,12.7
7,-108,162,0,12.5
7,-109,162,0,12.3
7,-110,162,0,12.3
7,-111,162,0,12.3
7,-112,162,0,12.1
7,-113,162,0,12.1
7,-114,162,0,12
7,-115,162,0,11.8
7,-116,162,0,11.4
7,-117,162,0,11.3
7,-118,162,0,11.2
7,-119,162,0,11.2
7,-120,162,0,11.2
7,-121,162,0,11
7,-122,162,0,10.8
7,-123,162,0,10.7
7,-124,162,0,10.5
7,-125,162,0,10.4
7,-126,162,0,10.3
7,-127,162,0,10.2
7,-128,162,0,10.1
7,-129,162,0,10
7,-130,162,0,9.8
7,-131,162,0,9.8
7,-132,162,0,9.6
7,-133,162,0,9.4
7,-134,162,0,9.1
7,-135,162,0,9
7,-136,162,0,9
7,-137,162,0,8.8
7,-138,162,0,8.6
7,-139,162,0,8.5
7,-140,162,0,8.5
7,-95,163,0,13.7
7,-96,163,0,13.5
7,-97,163,0,13.2
7,-98,163,0,13.1
7,-99,163,0,13
7,-100,163,0,13
7,-101,163,0,12.9
7,-102,163,0,12.9
7,-103,163,0,12.7
7,-104,163,0,12.7
7,-105,163,0,12.7
7,-106,163,0,12.5
7,-107,163,0,12.5
7,-108,163,0,12.4
7,-109,163,0,12.3
7,-110,163,0,12.2
7,-111,163,0,12.2
7,-112,163,0,12
7,-113,163,0,11.8
7,-114,163,0,11.6
7,-115,163,0,11.5
7,-116,163,0,11.4
7,-117,163,0,11.2
7,-118,163,0,11.1
7,-119,163,0,10.9
7,-120,163,0,10.9
7,-121,163,0,10.8
7,-122,163,0,10.5
7,-123,163,0,10.4
7,-124,163,0,10.2
7,-125,163,0,9.9
7,-126,163,0,9.9
7,-127,163,0,9.9
7,-128,163,0,9.8
7,-129,163,0,9.7
7,-130,163,0,9.4
7,-131,163,0,9.2
7,-132,163,0,9
7,-133,163,0,8.9
7,-134,163,0,8.9
7,-135,163,0,8.8
7,-136,163,0,8.8
7,-137,163,0,8.7
7,-138,163,0,8.5
7,-139,163,0,8.4
7,-140,163,0,8.3
7,-95,164,0,13.5
7,-96,164,0,13.3
7,-97,164,0,13.1
7,-98,164,0,13.1
7,-99,164,0,13
7,-100,164,0,12.8
7,-101,164,0,12.7
7,-102,164,0,12.6
7,-103,164,0,12.6
7,-104,164,0,12.5
7,-105,164,0,12.5
7,-106,164,0,12.3
7,-107,164,0,12.3
7,-108,164,0,12.3
7,-109,164,0,12.3
7,-110,164,0,12.2
7,-111,164,0,12.1
7,-112,164,0,11.7
7,-113,164,0,11.5
7,-114,164,0,11.3
7,-115,164,0,11.3
7,-116,164,0,11.1
7,-117,164,0,11.1
7,-118,164,0,11.1
7,-119,164,0,10.9
7,-120,164,0,10.8
7,-121,164,0,10.6
7,-122,164,0,10.5
7,-123,164,0,10.2
7,-124,164,0,10
7,-125,164,0,9.7
7,-126,164,0,9.7
7,-127,164,0,9.7
7,-128,164,0,9.5
7,-129,164,0,9.5
7,-130,164,0,9.2
7,-131,164,0,9.2
7,-132,164,0,9
7,-133,164,0,8.9
7,-134,164,0,8.9
7,-135,164,0,8.6
7,-136,164,0,8.5
7,-137,164,0,8.3
7,-138,164,0,8.1
7,-139,164,0,8.1
7,-140,164,0,8.1
7,-95,165,0,13.2
7,-96,165,0,13.1
7,-97,165,0,13
7,-98,165,0,13
7,-99,165,0,12.8
7,-100,165,0,12.7
7,-101,165,0,12.5
7,-102,165,0,12.5
7,-103,165,0,12.5
7,-104,165,0,12.4
7,-105,165,0,12.4
7,-106,165,0,12.2
7,-107,165,0,12.2
7,-108,165,0,12
7,-109,165,0,12
7,-110,165,0,11.9
7,-111,165,0,11.6
7,-112,165,0,11.4
7,-113,165,0,11.2
7,-114,165,0,11.1
7,-115,165,0,11
7,-116,165,0,10.7
7,-117,165,0,10.7
7,-118,165,0,10.6
7,-119,165,0,10.2
7,-120,165,0,10.2
7,-121,165,0,10.1
7,-122,165,0,9.9
7,-123,165,0,9.7
7,-124,165,0,9.7
7,-125,165,0,9.7
7,-126,165,0,9.6
7,-127,165,0,9.6
7,-128,165,0,9.3
7,-129,165,0,9.3
7,-130,165,0,9
7,-131,165,0,9
7,-132,165,0,8.9
7,-133,165,0,8.7
7,-134,165,0,8.6
7,-135,165,0,8.4
7,-136,165,0,8.4
7,-137,165,0,8.3
7,-138,165,0,8.1
7,-139,165,0,8.1
7,-140,165,0,8.1
7,-95,166,0,13
7,-96,166,0,12.8
7,-97,166,0,12.7
7,-98,166,0,12.7
7,-99,166,0,12.4
7,-100,166,0,12.4
7,-101,166,0,12.3
7,-102,166,0,12.2
7,-103,166,0,12.2
7,-104,166,0,12.1
7,-105,166,0,12.1
7,-106,166,0,11.9
7,-107,166,0,11.8
7,-108,166,0,11.6
7,-109,166,0,11.6
7,-110,166,0,11.5
7,-111,166,0,11.4
7,-112,166,0,11.2
7,-113,166,0,11.2
7,-114,166,0,11.1
7,-115,166,0,11
7,-116,166,0,10.6
7,-117,166,0,10.6
7,-118,166,0,10.5
7,-119,166,0,10.2
7,-120,166,0,10.1
7,-121,166,0,10
7,-122,166,0,9.8
7,-123,166,0,9.6
7,-124,166,0,9.5
7,-125,166,0,9.2
7,-126,166,0,9.2
7,-127,166,0,9.2
7,-128,166,0,9.1
7,-129,166,0,9.1
7,-130,166,0,8.8
7,-131,166,0,8.8
7,-132,166,0,8.7
7,-133,166,0,8.5
7,-134,166,0,8.4
7,-135,166,0,8.2
7,-136,166,0,8.2
7,-137,166,0,8.2
7,-138,166,0,8.1
7,-139,166,0,8.1
7,-140,166,0,8
7,-95,167,0,12.8
7,-96,167,0,12.7
7,-97,167,0,12.5
7,-98,167,0,12.5
7,-99,167,0,12.3
7,-100,167,0,12.3
7,-101,167,0,12
7,-102,167,0,12
7,-103,167,0,12
7,-104,167,0,11.9
7,-105,167,0,11.9
7,-106,167,0,11.5
7,-107,167,0,11.4
7,-108,167,0,11.3
7,-109,167,0,11.3
7,-110,167,0,11.3
7,-111,167,0,11.2
7,-112,167,0,10.9
7,-113,167,0,10.8
7,-114,167,0,10.7
7,-115,167,0,10.6
7,-116,167,0,10.4
7,-117,167,0,10.4
7,-118,167,0,10.4
7,-119,167,0,10.1
7,-120,167,0,10.1
7,-121,167,0,9.8
7,-122,167,0,9.4
7,-123,167,0,9.3
7,-124,167,0,9.3
7,-125,167,0,9.2
7,-126,167,0,9.2
7,-127,167,0,9.1
7,-128,167,0,9
7,-129,167,0,8.9
7,-130,167,0,8.7
7,-131,167,0,8.5
7,-132,167,0,8.5
7,-133,167,0,8.3
7,-134,167,0,8.3
7,-135,167,0,8.1
7,-136,167,0,8.1
7,-137,167,0,8
7,-138,167,0,7.8
7,-139,167,0,7.8
7,-140,167,0,7.7
7,-95,168,0,12.7
7,-96,168,0,12.5
7,-97,168,0,12.4
7,-98,168,0,12.3
7,-99,168,0,11.9
7,-100,168,0,11.9
7,-101,168,0,11.8
7,-102,168,0,11.8
7,-103,168,0,11.7
7,-104,168,0,11.7
7,-105,168,0,11.7
7,-106,168,0,11.3
7,-107,168,0,11.2
7,-108,168,0,11.1
7,-109,168,0,11.1
7,-110,168,0,11.1
7,-111,168,0,11
7,-112,168,0,10.8
7,-113,168,0,10.5
7,-114,168,0,10.5
7,-115,168,0,10.5
7,-116,168,0,10.4
7,-117,168,0,10.1
7,-118,168,0,10
7,-119,168,0,9.7
7,-120,168,0,9.7
7,-121,168,0,9.5
7,-122,168,0,9.3
7,-123,168,0,9.2
7,-124,168,0,9.1
7,-125,168,0,9
7,-126,168,0,9
7,-127,168,0,8.9
7,-128,168,0,8.8
7,-129,168,0,8.6
7,-130,168,0,8.3
7,-131,168,0,8.3
7,-132,168,0,8.3
7,-133,168,0,8.2
7,-134,168,0,8.1
7,-135,168,0,8
7,-136,168,0,8
7,-137,168,0,7.9
7,-138,168,0,7.5
7,-139,168,0,7.4
7,-140,168,0,7.3
7,-95,169,0,12.3
7,-96,169,0,12.2
7,-97,169,0,12.2
7,-98,169,0,12.2
7,-99,169,0,11.9
7,-100,169,0,11.8
7,-101,169,0,11.7
7,-102,169,0,11.6
7,-103,169,0,11.4
7,-104,169,0,11.3
7,-105,169,0,11.3
7,-106,169,0,11.1
7,-107,169,0,11.1
7,-108,169,0,11
7,-109,169,0,10.9
7,-110,169,0,10.9
7,-111,169,0,10.8
7,-112,169,0,10.5
7,-113,169,0,10.4
7,-114,169,0,10.4
7,-115,169,0,10.4
7,-116,169,0,10.2
7,-117,169,0,9.8
7,-118,169,0,9.7
7,-119,169,0,9.4
7,-120,169,0,9.4
7,-121,169,0,9.3
7,-122,169,0,9.2
7,-123,169,0,9.1
7,-124,169,0,9
7,-125,169,0,8.9
7,-126,169,0,8.8
7,-127,169,0,8.7
7,-128,169,0,8.5
7,-129,169,0,8.4
7,-130,169,0,8.1
7,-131,169,0,8.1
7,-132,169,0,8
7,-133,169,0,7.9
7,-134,169,0,7.8
7,-135,169,0,7.8
7,-136,169,0,7.7
7,-137,169,0,7.5
7,-138,169,0,7.3
7,-139,169,0,7.3
7,-140,169,0,7.1
7,-95,170,0,12.3
7,-96,170,0,12.2
7,-97,170,0,11.9
7,-98,170,0,11.9
7,-99,170,0,11.6
7,-100,170,0,11.5
7,-101,170,0,11.3
7,-102,170,0,11.2
7,-103,170,0,11.2
7,-104,170,0,11
7,-105,170,0,11
7,-106,170,0,10.8
7,-107,170,0,10.7
7,-108,170,0,10.6
7,-109,170,0,10.6
7,-110,170,0,10.6
7,-111,170,0,10.6
7,-112,170,0,10.3
7,-113,170,0,10.1
7,-114,170,0,10
7,-115,170,0,9.9
7,-116,170,0,9.6
7,-117,170,0,9.6
7,-118,170,0,9.5
7,-119,170,0,9.2
7,-120,170,0,9.2
7,-121,170,0,9.1
7,-122,170,0,9
7,-123,170,0,8.8
7,-124,170,0,8.7
7,-125,170,0,8.6
7,-126,170,0,8.6
7,-127,170,0,8.5
7,-128,170,0,8.4
7,-129,170,0,8.4
7,-130,170,0,8.1
7,-131,170,0,8.1
7,-132,170,0,8
7,-133,170,0,7.8
7,-134,170,0,7.6
7,-135,170,0,7.5
7,-136,170,0,7.5
7,-137,170,0,7.2
7,-138,170,0,7
7,-139,170,0,7
7,-140,170,0,7
7,-95,171,0,12
7,-96,171,0,12
7,-97,171,0,11.7
7,-98,171,0,11.7
7,-99,171,0,11.4
7,-100,171,0,11.3
7,-101,171,0,11.1
7,-102,171,0,11.1
7,-103,171,0,11.1
7,-104,171,0,11
7,-105,171,0,11
7,-106,171,0,10.6
7,-107,171,0,10.6
7,-108,171,0,10.6
7,-109,171,0,10.6
7,-110,171,0,10.5
7,-111,171,0,10.4
7,-112,171,0,10.1
7,-113,171,0,9.8
7,-114,171,0,9.8
7,-115,171,0,9.7
7,-116,171,0,9.4
7,-117,171,0,9.3
7,-118,171,0,9.2
7,-119,171,0,8.9
7,-120,171,0,8.9
7,-121,171,0,8.9
7,-122,171,0,8.7
7,-123,171,0,8.6
7,-124,171,0,8.5
7,-125,171,0,8.4
7,-126,171,0,8.4
7,-127,171,0,8.4
7,-128,171,0,8.3
7,-129,171,0,8.3
7,-130,171,0,7.9
7,-131,171,0,7.8
7,-132,171,0,7.7
7,-133,171,0,7.6
7,-134,171,0,7.5
7,-135,171,0,7.1
7,-136,171,0,7.1
7,-137,171,0,7.1
7,-138,171,0,6.9
7,-139,171,0,6.9
7,-140,171,0,6.9
7,-95,172,0,11.9
7,-96,172,0,11.9
7,-97,172,0,11.5
7,-98,172,0,11.5
7,-99,172,0,11.3
7,-100,172,0,11.3
7,-101,172,0,11
7,-102,172,0,11
7,-103,172,0,10.9
7,-104,172,0,10.8
7,-105,172,0,10.8
7,-106,172,0,10.5
7,-107,172,0,10.5
7,-108,172,0,10.4
7,-109,172,0,10.3
7,-110,172,0,10.2
7,-111,172,0,10.1
7,-112,172,0,9.8
7,-113,172,0,9.8
7,-114,172,0,9.7
7,-115,172,0,9.5
7,-116,172,0,9.2
7,-117,172,0,9.1
7,-118,172,0,9.1
7,-119,172,0,8.8
7,-120,172,0,8.7
7,-121,172,0,8.6
7,-122,172,0,8.5
7,-123,172,0,8.5
7,-124,172,0,8.4
7,-125,172,0,8.2
7,-126,172,0,8.1
7,-127,172,0,8
7,-128,172,0,8
7,-129,172,0,7.9
7,-130,172,0,7.5
7,-131,172,0,7.5
7,-132,172,0,7.5
7,-133,172,0,7.4
7,-134,172,0,7.3
7,-135,172,0,7.1
7,-136,172,0,7.1
7,-137,172,0,7.1
7,-138,172,0,6.8
7,-139,172,0,6.8
7,-140,172,0,6.8
7,-95,173,0,11.5
7,-96,173,0,11.4
7,-97,173,0,11.3
7,-98,173,0,11.3
7,-99,173,0,10.9
7,-100,173,0,10.8
7,-101,173,0,10.7
7,-102,173,0,10.6
7,-103,173,0,10.5
7,-104,173,0,10.4
7,-105,173,0,10.4
7,-106,173,0,10.3
7,-107,173,0,10.2
7,-108,173,0,10.1
7,-109,173,0,10
7,-110,173,0,10
7,-111,173,0,9.9
7,-112,173,0,9.7
7,-113,173,0,9.6
7,-114,173,0,9.4
7,-115,173,0,9.3
7,-116,173,0,8.9
7,-117,173,0,8.8
7,-118,173,0,8.8
7,-119,173,0,8.7
7,-120,173,0,8.7
7,-121,173,0,8.6
7,-122,173,0,8.5
7,-123,173,0,8.2
7,-124,173,0,8.1
7,-125,173,0,8
7,-126,173,0,7.9
7,-127,173,0,7.8
7,-128,173,0,7.8
7,-129,173,0,7.8
7,-130,173,0,7.4
7,-131,173,0,7.3
7,-132,173,0,7.3
7,-133,173,0,7.2
7,-134,173,0,7.1
7,-135,173,0,6.8
7,-136,173,0,6.8
7,-137,173,0,6.8
7,-138,173,0,6.6
7,-139,173,0,6.6
7,-140,173,0,6.5
7,-95,174,0,11.4
7,-96,174,0,11.2
7,-97,174,0,11
7,-98,174,0,10.9
7,-99,174,0,10.5
7,-100,174,0,10.4
7,-101,174,0,10.2
7,-102,174,0,10.2
7,-103,174,0,10.2
7,-104,174,0,10.1
7,-105,174,0,10.1
7,-106,174,0,10
7,-107,174,0,9.9
7,-108,174,0,9.9
7,-109,174,0,9.9
7,-110,174,0,9.8
7,-111,174,0,9.7
7,-112,174,0,9.5
7,-113,174,0,9.3
7,-114,174,0,9.2
7,-115,174,0,9.2
7,-116,174,0,8.7
7,-117,174,0,8.7
7,-118,174,0,8.6
7,-119,174,0,8.5
7,-120,174,0,8.5
7,-121,174,0,8.4
7,-122,174,0,8.2
7,-123,174,0,8
7,-124,174,0,7.9
7,-125,174,0,7.9
7,-126,174,0,7.8
7,-127,174,0,7.7
7,-128,174,0,7.6
7,-129,174,0,7.5
7,-130,174,0,7.2
7,-131,174,0,7.1
7,-132,174,0,7
7,-133,174,0,6.9
7,-134,174,0,6.8
7,-135,174,0,6.8
7,-136,174,0,6.8
7,-137,174,0,6.7
7,-138,174,0,6.5
7,-139,174,0,6.5
7,-140,174,0,6.4
7,-95,175,0,11.1
7,-96,175,0,10.9
7,-97,175,0,10.6
7,-98,175,0,10.6
7,-99,175,0,10.3
7,-100,175,0,10.3
7,-101,175,0,10.1
7,-102,175,0,10.1
7,-103,175,0,10
7,-104,175,0,10
7,-105,175,0,10
7,-106,175,0,9.8
7,-107,175,0,9.8
7,-108,175,0,9.7
7,-109,175,0,9.6
7,-110,175,0,9.5
7,-111,175,0,9.4
7,-112,175,0,9.2
7,-113,175,0,9.2
7,-114,175,0,9.2
7,-115,175,0,9.1
7,-116,175,0,8.7
7,-117,175,0,8.7
7,-118,175,0,8.6
7,-119,175,0,8.5
7,-120,175,0,8.4
7,-121,175,0,8.2
7,-122,175,0,8
7,-123,175,0,7.8
7,-124,175,0,7.7
7,-125,175,0,7.7
7,-126,175,0,7.7
7,-127,175,0,7.6
7,-128,175,0,7.5
7,-129,175,0,7.4
7,-130,175,0,7.1
7,-131,175,0,7.1
7,-132,175,0,6.9
7,-133,175,0,6.8
7,-134,175,0,6.8
7,-135,175,0,6.6
7,-136,175,0,6.6
7,-137,175,0,6.6
7,-138,175,0,6.5
7,-139,175,0,6.4
7,-140,175,0,6.3
7,-95,176,0,10.8
7,-96,176,0,10.6
7,-97,176,0,10.2
7,-98,176,0,10.2
7,-99,176,0,10.1
7,-100,176,0,10.1
7,-101,176,0,10
7,-102,176,0,10
7,-103,176,0,9.9
7,-104,176,0,9.8
7,-105,176,0,9.8
7,-106,176,0,9.6
7,-107,176,0,9.6
7,-108,176,0,9.4
7,-109,176,0,9.3
7,-110,176,0,9.3
7,-111,176,0,9.3
7,-112,176,0,9.1
7,-113,176,0,8.9
7,-114,176,0,8.9
7,-115,176,0,8.7
7,-116,176,0,8.5
7,-117,176,0,8.3
7,-118,176,0,8.3
7,-119,176,0,8.2
7,-120,176,0,8.2
7,-121,176,0,7.9
7,-122,176,0,7.9
7,-123,176,0,7.7
7,-124,176,0,7.6
7,-125,176,0,7.5
7,-126,176,0,7.5
7,-127,176,0,7.5
7,-128,176,0,7.3
7,-129,176,0,7.2
7,-130,176,0,6.8
7,-131,176,0,6.8
7,-132,176,0,6.8
7,-133,176,0,6.8
7,-134,176,0,6.8
7,-135,176,0,6.6
7,-136,176,0,6.6
7,-137,176,0,6.3
7,-138,176,0,6
7,-139,176,0,6
7,-140,176,0,5.9
7,-95,177,0,10.5
7,-96,177,0,10.5
7,-97,177,0,10.2
7,-98,177,0,10.2
7,-99,177,0,9.9
7,-100,177,0,9.8
7,-101,177,0,9.7
7,-102,177,0,9.7
7,-103,177,0,9.5
7,-104,177,0,9.5
7,-105,177,0,9.5
7,-106,177,0,9.4
7,-107,177,0,9.3
7,-108,177,0,9.3
7,-109,177,0,9.2
7,-110,177,0,9.2
7,-111,177,0,9.2
7,-112,177,0,8.9
7,-113,177,0,8.6
7,-114,177,0,8.6
7,-115,177,0,8.5
7,-116,177,0,8.2
7,-117,177,0,8
7,-118,177,0,8
7,-119,177,0,7.8
7,-120,177,0,7.8
7,-121,177,0,7.7
7,-122,177,0,7.5
7,-123,177,0,7.5
7,-124,177,0,7.4
7,-125,177,0,7.2
7,-126,177,0,7.2
7,-127,177,0,7.2
7,-128,177,0,7.1
7,-129,177,0,7.1
7,-130,177,0,6.7
7,-131,177,0,6.7
7,-132,177,0,6.7
7,-133,177,0,6.7
7,-134,177,0,6.5
7,-135,177,0,6.3
7,-136,177,0,6.2
7,-137,177,0,6.1
7,-138,177,0,5.8
7,-139,177,0,5.8
7,-140,177,0,5.7
7,-95,178,0,10.3
7,-96,178,0,10.2
7,-97,178,0,10.1
7,-98,178,0,10.1
7,-99,178,0,9.8
7,-100,178,0,9.6
7,-101,178,0,9.5
7,-102,178,0,9.5
7,-103,178,0,9.5
7,-104,178,0,9.5
7,-105,178,0,9.5
7,-106,178,0,9.3
7,-107,178,0,9.2
7,-108,178,0,9.2
7,-109,178,0,9.2
7,-110,178,0,9.2
7,-111,178,0,9
7,-112,178,0,8.7
7,-113,178,0,8.5
7,-114,178,0,8.4
7,-115,178,0,8.2
7,-116,178,0,7.9
7,-117,178,0,7.9
7,-118,178,0,7.9
7,-119,178,0,7.7
7,-120,178,0,7.7
7,-121,178,0,7.6
7,-122,178,0,7.4
7,-123,178,0,7.2
7,-124,178,0,7.1
7,-125,178,0,7
7,-126,178,0,6.9
7,-127,178,0,6.9
7,-128,178,0,6.8
7,-129,178,0,6.8
7,-130,178,0,6.4
7,-131,178,0,6.4
7,-132,178,0,6.3
7,-133,178,0,6.2
7,-134,178,0,6
7,-135,178,0,6
7,-136,178,0,6
7,-137,178,0,5.9
7,-138,178,0,5.7
7,-139,178,0,5.6
7,-140,178,0,5.6
7,-95,179,0,10.2
7,-96,179,0,10.1
7,-97,179,0,9.8
7,-98,179,0,9.8
7,-99,179,0,9.6
7,-100,179,0,9.5
7,-101,179,0,9.5
7,-102,179,0,9.4
7,-103,179,0,9.3
7,-104,179,0,9.1
7,-105,179,0,9.1
7,-106,179,0,8.8
7,-107,179,0,8.8
7,-108,179,0,8.8
7,-109,179,0,8.8
7,-110,179,0,8.8
7,-111,179,0,8.7
7,-112,179,0,8.5
7,-113,179,0,8.3
7,-114,179,0,8.3
7,-115,179,0,8.1
7,-116,179,0,7.8
7,-117,179,0,7.8
7,-118,179,0,7.8
7,-119,179,0,7.6
7,-120,179,0,7.5
7,-121,179,0,7.4
7,-122,179,0,7.3
7,-123,179,0,7.1
7,-124,179,0,7
7,-125,179,0,7
7,-126,179,0,6.9
7,-127,179,0,6.8
7,-128,179,0,6.8
7,-129,179,0,6.8
7,-130,179,0,6.4
7,-131,179,0,6.3
7,-132,179,0,6.2
7,-133,179,0,6.1
7,-134,179,0,6
7,-135,179,0,5.8
7,-136,179,0,5.8
7,-137,179,0,5.7
7,-138,179,0,5.6
7,-139,179,0,5.5
7,-140,179,0,5.5
7,-95,180,0,9.9
7,-96,180,0,9.8
7,-97,180,0,9.5
7,-98,180,0,9.5
7,-99,180,0,9.3
7,-100,180,0,9.2
7,-101,180,0,9
7,-102,180,0,9
7,-103,180,0,9
7,-104,180,0,8.8
7,-105,180,0,8.8
7,-106,180,0,8.7
7,-107,180,0,8.7
7,-108,180,0,8.7
7,-109,180,0,8.6
7,-110,180,0,8.6
7,-111,180,0,8.6
7,-112,180,0,8.1
7,-113,180,0,7.9
7,-114,180,0,7.8
7,-115,180,0,7.8
7,-116,180,0,7.7
7,-117,180,0,7.7
7,-118,180,0,7.6
7,-119,180,0,7.4
7,-120,180,0,7.4
7,-121,180,0,7.4
7,-122,180,0,7.2
7,-123,180,0,6.9
7,-124,180,0,6.9
7,-125,180,0,6.9
7,-126,180,0,6.9
7,-127,180,0,6.8
7,-128,180,0,6.6
7,-129,180,0,6.6
7,-130,180,0,6.2
7,-131,180,0,6.1
7,-132,180,0,6.1
7,-133,180,0,6
7,-134,180,0,6
7,-135,180,0,5.8
7,-136,180,0,5.8
7,-137,180,0,5.5
7,-138,180,0,5.4
7,-139,180,0,5.4
7,-140,180,0,5.3
7,-95,181,0,9.6
7,-96,181,0,9.4
7,-97,181,0,9.3
7,-98,181,0,9.2
7,-99,181,0,9
7,-100,181,0,9
7,-101,181,0,8.8
7,-102,181,0,8.8
7,-103,181,0,8.7
7,-104,181,0,8.7
7,-105,181,0,8.7
7,-106,181,0,8.7
7,-107,181,0,8.7
7,-108,181,0,8.7
7,-109,181,0,8.6
7,-110,181,0,8.5
7,-111,181,0,8.4
7,-112,181,0,8
7,-113,181,0,7.9
7,-114,181,0,7.8
7,-115,181,0,7.7
7,-116,181,0,7.6
7,-117,181,0,7.5
7,-118,181,0,7.4
7,-119,181,0,7.3
7,-120,181,0,7.2
7,-121,181,0,7.1
7,-122,181,0,7
7,-123,181,0,6.8
7,-124,181,0,6.8
7,-125,181,0,6.6
7,-126,181,0,6.6
7,-127,181,0,6.5
7,-128,181,0,6.4
7,-129,181,0,6.4
7,-130,181,0,6
7,-131,181,0,6
7,-132,181,0,6
7,-133,181,0,5.9
7,-134,181,0,5.6
7,-135,181,0,5.4
7,-136,181,0,5.4
7,-137,181,0,5.4
7,-138,181,0,5.3
7,-139,181,0,5.3
7,-140,181,0,5.2
7,-95,182,0,9.3
7,-96,182,0,9.2
7,-97,182,0,9.1
7,-98,182,0,9.1
7,-99,182,0,8.9
7,-100,182,0,8.8
7,-101,182,0,8.6
7,-102,182,0,8.6
7,-103,182,0,8.6
7,-104,182,0,8.5
7,-105,182,0,8.5
7,-106,182,0,8.4
7,-107,182,0,8.3
7,-108,182,0,8.3
7,-109,182,0,8.3
7,-110,182,0,8.2
7,-111,182,0,8.1
7,-112,182,0,7.8
7,-113,182,0,7.6
7,-114,182,0,7.6
7,-115,182,0,7.4
7,-116,182,0,7.2
7,-117,182,0,7.1
7,-118,182,0,7.1
7,-119,182,0,7
7,-120,182,0,6.9
7,-121,182,0,6.8
7,-122,182,0,6.7
7,-123,182,0,6.6
7,-124,182,0,6.6
7,-125,182,0,6.4
7,-126,182,0,6.4
7,-127,182,0,6.3
7,-128,182,0,6.3
7,-129,182,0,6.2
7,-130,182,0,5.9
7,-131,182,0,5.8
7,-132,182,0,5.8
7,-133,182,0,5.7
7,-134,182,0,5.5
7,-135,182,0,5.4
7,-136,182,0,5.4
7,-137,182,0,5.4
7,-138,182,0,5.2
7,-139,182,0,5.2
7,-140,182,0,5.1
7,-95,183,0,9.1
7,-96,183,0,8.9
7,-97,183,0,8.7
7,-98,183,0,8.7
7,-99,183,0,8.4
7,-100,183,0,8.4
7,-101,183,0,8.4
7,-102,183,0,8.4
7,-103,183,0,8.4
7,-104,183,0,8.4
7,-105,183,0,8.4
7,-106,183,0,8.3
7,-107,183,0,8.2
7,-108,183,0,8.1
7,-109,183,0,8
7,-110,183,0,8
7,-111,183,0,7.9
7,-112,183,0,7.7
7,-113,183,0,7.5
7,-114,183,0,7.4
7,-115,183,0,7.2
7,-116,183,0,7
7,-117,183,0,7
7,-118,183,0,7
7,-119,183,0,6.8
7,-120,183,0,6.8
7,-121,183,0,6.7
7,-122,183,0,6.5
7,-123,183,0,6.4
7,-124,183,0,6.2
7,-125,183,0,6.2
7,-126,183,0,6.2
7,-127,183,0,6.2
7,-128,183,0,6.2
7,-129,183,0,6.1
7,-130,183,0,5.8
7,-131,183,0,5.7
7,-132,183,0,5.5
7,-133,183,0,5.3
7,-134,183,0,5.3
7,-135,183,0,5.2
7,-136,183,0,5.2
7,-137,183,0,5.2
7,-138,183,0,5
7,-139,183,0,4.9
7,-140,183,0,4.7
7,-95,184,0,9.1
7,-96,184,0,8.8
7,-97,184,0,8.7
7,-98,184,0,8.7
7,-99,184,0,8.4
7,-100,184,0,8.4
7,-101,184,0,8.4
7,-102,184,0,8.4
7,-103,184,0,8.3
7,-104,184,0,8.1
7,-105,184,0,8.1
7,-106,184,0,7.8
7,-107,184,0,7.8
7,-108,184,0,7.8
7,-109,184,0,7.8
7,-110,184,0,7.7
7,-111,184,0,7.6
7,-112,184,0,7.2
7,-113,184,0,7.1
7,-114,184,0,7.1
7,-115,184,0,7.1
7,-116,184,0,6.9
7,-117,184,0,6.8
7,-118,184,0,6.8
7,-119,184,0,6.6
7,-120,184,0,6.6
7,-121,184,0,6.5
7,-122,184,0,6.4
7,-123,184,0,6.3
7,-124,184,0,6.1
7,-125,184,0,6.1
7,-126,184,0,6
7,-127,184,0,6
7,-128,184,0,5.8
7,-129,184,0,5.8
7,-130,184,0,5.4
7,-131,184,0,5.4
7,-132,184,0,5.3
7,-133,184,0,5.2
7,-134,184,0,5.2
7,-135,184,0,5
7,-136,184,0,5
7,-137,184,0,5
7,-138,184,0,4.8
7,-139,184,0,4.7
7,-140,184,0,4.6
7,-95,185,0,8.6
7,-96,185,0,8.4
7,-97,185,0,8.3
7,-98,185,0,8.3
7,-99,185,0,8.2
7,-100,185,0,8.1
7,-101,185,0,8.1
7,-102,185,0,8.1
7,-103,185,0,8.1
7,-104,185,0,8
7,-105,185,0,8
7,-106,185,0,7.8
7,-107,185,0,7.8
7,-108,185,0,7.8
7,-109,185,0,7.7
7,-110,185,0,7.6
7,-111,185,0,7.5
7,-112,185,0,7.2
7,-113,185,0,7.1
7,-114,185,0,6.9
7,-115,185,0,6.9
7,-116,185,0,6.8
7,-117,185,0,6.7
7,-118,185,0,6.7
7,-119,185,0,6.6
7,-120,185,0,6.6
7,-121,185,0,6.5
7,-122,185,0,6.3
7,-123,185,0,6.1
7,-124,185,0,6
7,-125,185,0,5.9
7,-126,185,0,5.8
7,-127,185,0,5.8
7,-128,185,0,5.5
7,-129,185,0,5.5
7,-130,185,0,5.1
7,-131,185,0,5.1
7,-132,185,0,5.1
7,-133,185,0,5
7,-134,185,0,4.9
7,-135,185,0,4.9
7,-136,185,0,4.9
7,-137,185,0,4.6
7,-138,185,0,4.5
7,-139,185,0,4.5
7,-140,185,0,4.4
7,-95,186,0,8.5
7,-96,186,0,8.3
7,-97,186,0,8.1
7,-98,186,0,8.1
7,-99,186,0,8
7,-100,186,0,8
7,-101,186,0,8
7,-102,186,0,8
7,-103,186,0,7.9
7,-104,186,0,7.8
7,-105,186,0,7.8
7,-106,186,0,7.6
7,-107,186,0,7.6
7,-108,186,0,7.5
7,-109,186,0,7.5
7,-110,186,0,7.5
7,-111,186,0,7.3
7,-112,186,0,7
7,-113,186,0,7
7,-114,186,0,6.9
7,-115,186,0,6.9
7,-116,186,0,6.8
7,-117,186,0,6.7
7,-118,186,0,6.6
7,-119,186,0,6.5
7,-120,186,0,6.5
7,-121,186,0,6.5
7,-122,186,0,6.1
7,-123,186,0,5.9
7,-124,186,0,5.9
7,-125,186,0,5.6
7,-126,186,0,5.6
7,-127,186,0,5.6
7,-128,186,0,5.5
7,-129,186,0,5.5
7,-130,186,0,5.1
7,-131,186,0,5
7,-132,186,0,5
7,-133,186,0,4.9
7,-134,186,0,4.7
7,-135,186,0,4.7
7,-136,186,0,4.6
7,-137,186,0,4.4
7,-138,186,0,4.2
7,-139,186,0,4.2
7,-140,186,0,4.2
7,-95,187,0,8.4
7,-96,187,0,8.2
7,-97,187,0,8.1
7,-98,187,0,8.1
7,-99,187,0,7.9
7,-100,187,0,7.8
7,-101,187,0,7.7
7,-102,187,0,7.6
7,-103,187,0,7.5
7,-104,187,0,7.5
7,-105,187,0,7.5
7,-106,187,0,7.5
7,-107,187,0,7.5
7,-108,187,0,7.5
7,-109,187,0,7.5
7,-110,187,0,7.4
7,-111,187,0,7.1
7,-112,187,0,6.9
7,-113,187,0,6.9
7,-114,187,0,6.9
7,-115,187,0,6.8
7,-116,187,0,6.5
7,-117,187,0,6.5
7,-118,187,0,6.4
7,-119,187,0,6.3
7,-120,187,0,6.1
7,-121,187,0,5.9
7,-122,187,0,5.8
7,-123,187,0,5.6
7,-124,187,0,5.6
7,-125,187,0,5.5
7,-126,187,0,5.5
7,-127,187,0,5.4
7,-128,187,0,5.4
7,-129,187,0,5.3
7,-130,187,0,5
7,-131,187,0,4.9
7,-132,187,0,4.9
7,-133,187,0,4.7
7,-134,187,0,4.6
7,-135,187,0,4.6
7,-136,187,0,4.6
7,-137,187,0,4.4
7,-138,187,0,4.2
7,-139,187,0,4.1
7,-140,187,0,4
7,-95,188,0,8.1
7,-96,188,0,8
7,-97,188,0,7.8
7,-98,188,0,7.8
7,-99,188,0,7.6
7,-100,188,0,7.5
7,-101,188,0,7.3
7,-102,188,0,7.3
7,-103,188,0,7.2
7,-104,188,0,7.2
7,-105,188,0,7.2
7,-106,188,0,7.2
7,-107,188,0,7.2
7,-108,188,0,7
7,-109,188,0,6.9
7,-110,188,0,6.9
7,-111,188,0,6.9
7,-112,188,0,6.8
7,-113,188,0,6.7
7,-114,188,0,6.7
7,-115,188,0,6.4
7,-116,188,0,6.1
7,-117,188,0,6.1
7,-118,188,0,6.1
7,-119,188,0,5.9
7,-120,188,0,5.8
7,-121,188,0,5.6
7,-122,188,0,5.5
7,-123,188,0,5.4
7,-124,188,0,5.4
7,-125,188,0,5.4
7,-126,188,0,5.4
7,-127,188,0,5.3
7,-128,188,0,5.3
7,-129,188,0,5.2
7,-130,188,0,4.9
7,-131,188,0,4.8
7,-132,188,0,4.8
7,-133,188,0,4.6
7,-134,188,0,4.6
7,-135,188,0,4.4
7,-136,188,0,4.4
7,-137,188,0,4.4
7,-138,188,0,4.2
7,-139,188,0,4.1
7,-140,188,0,4
7,-95,189,0,8.1
7,-96,189,0,7.9
7,-97,189,0,7.7
7,-98,189,0,7.6
7,-99,189,0,7.3
7,-100,189,0,7.2
7,-101,189,0,7.1
7,-102,189,0,7.1
7,-103,189,0,7.1
7,-104,189,0,7.1
7,-105,189,0,7.1
7,-106,189,0,7
7,-107,189,0,6.9
7,-108,189,0,6.8
7,-109,189,0,6.8
7,-110,189,0,6.8
7,-111,189,0,6.8
7,-112,189,0,6.6
7,-113,189,0,6.3
7,-114,189,0,6.2
7,-115,189,0,6.1
7,-116,189,0,6
7,-117,189,0,6
7,-118,189,0,6
7,-119,189,0,5.7
7,-120,189,0,5.7
7,-121,189,0,5.6
7,-122,189,0,5.5
7,-123,189,0,5.4
7,-124,189,0,5.4
7,-125,189,0,5.4
7,-126,189,0,5.4
7,-127,189,0,5.3
7,-128,189,0,5.1
7,-129,189,0,5.1
7,-130,189,0,4.8
7,-131,189,0,4.8
7,-132,189,0,4.8
7,-133,189,0,4.5
7,-134,189,0,4.5
7,-135,189,0,4.2
7,-136,189,0,4.2
7,-137,189,0,4.1
7,-138,189,0,4
7,-139,189,0,4
7,-140,189,0,3.9
7,-95,190,0,7.8
7,-96,190,0,7.7
7,-97,190,0,7.5
7,-98,190,0,7.5
7,-99,190,0,7.2
7,-100,190,0,7.2
7,-101,190,0,7.1
7,-102,190,0,7.1
7,-103,190,0,7.1
7,-104,190,0,7.1
7,-105,190,0,7.1
7,-106,190,0,6.8
7,-107,190,0,6.8
7,-108,190,0,6.8
7,-109,190,0,6.7
7,-110,190,0,6.7
7,-111,190,0,6.7
7,-112,190,0,6.4
7,-113,190,0,6.2
7,-114,190,0,6.2
7,-115,190,0,6.1
7,-116,190,0,6
7,-117,190,0,6
7,-118,190,0,5.9
7,-119,190,0,5.7
7,-120,190,0,5.7
7,-121,190,0,5.6
7,-122,190,0,5.5
7,-123,190,0,5.4
7,-124,190,0,5.4
7,-125,190,0,5.4
7,-126,190,0,5.4
7,-127,190,0,5.3
7,-128,190,0,5.1
7,-129,190,0,5
7,-130,190,0,4.7
7,-131,190,0,4.7
7,-132,190,0,4.7
7,-133,190,0,4.5
7,-134,190,0,4.3
7,-135,190,0,4
7,-136,190,0,4
7,-137,190,0,4
7,-138,190,0,3.7
7,-139,190,0,3.7
7,-140,190,0,3.7
7,-95,191,0,7.7
7,-96,191,0,7.5
7,-97,191,0,7.4
7,-98,191,0,7.4
7,-99,191,0,7
7,-100,191,0,7
7,-101,191,0,7
7,-102,191,0,7
7,-103,191,0,7
7,-104,191,0,6.9
7,-105,191,0,6.9
7,-106,191,0,6.6
7,-107,191,0,6.6
7,-108,191,0,6.6
7,-109,191,0,6.6
7,-110,191,0,6.5
7,-111,191,0,6.3
7,-112,191,0,6.1
7,-113,191,0,6.1
7,-114,191,0,6.1
7,-115,191,0,6.1
7,-116,191,0,5.9
7,-117,191,0,5.8
7,-118,191,0,5.7
7,-119,191,0,5.6
7,-120,191,0,5.6
7,-121,191,0,5.5
7,-122,191,0,5.4
7,-123,191,0,5.4
7,-124,191,0,5.3
7,-125,191,0,5.1
7,-126,191,0,5.1
7,-127,191,0,5.1
7,-128,191,0,5
7,-129,191,0,4.9
7,-130,191,0,4.6
7,-131,191,0,4.5
7,-132,191,0,4.4
7,-133,191,0,4.2
7,-134,191,0,3.9
7,-135,191,0,3.9
7,-136,191,0,3.9
7,-137,191,0,3.9
7,-138,191,0,3.6
7,-139,191,0,3.5
7,-140,191,0,3.4
7,-95,192,0,7.4
7,-96,192,0,7.3
7,-97,192,0,7.2
7,-98,192,0,7.2
7,-99,192,0,6.9
7,-100,192,0,6.9
7,-101,192,0,6.9
7,-102,192,0,6.8
7,-103,192,0,6.7
7,-104,192,0,6.6
7,-105,192,0,6.6
7,-106,192,0,6.5
7,-107,192,0,6.5
7,-108,192,0,6.5
7,-109,192,0,6.5
7,-110,192,0,6.4
7,-111,192,0,6.3
7,-112,192,0,6.1
7,-113,192,0,6.1
7,-114,192,0,6
7,-115,192,0,5.9
7,-116,192,0,5.7
7,-117,192,0,5.6
7,-118,192,0,5.6
7,-119,192,0,5.5
7,-120,192,0,5.5
7,-121,192,0,5.4
7,-122,192,0,5.3
7,-123,192,0,5.2
7,-124,192,0,5
7,-125,192,0,4.9
7,-126,192,0,4.9
7,-127,192,0,4.8
7,-128,192,0,4.7
7,-129,192,0,4.7
7,-130,192,0,4.4
7,-131,192,0,4.2
7,-132,192,0,4
7,-133,192,0,3.8
7,-134,192,0,3.8
7,-135,192,0,3.8
7,-136,192,0,3.7
7,-137,192,0,3.6
7,-138,192,0,3.4
7,-139,192,0,3.4
7,-140,192,0,3.4
7,-95,193,0,7.4
7,-96,193,0,7.2
7,-97,193,0,7.1
7,-98,193,0,7.1
7,-99,193,0,6.8
7,-100,193,0,6.7
7,-101,193,0,6.5
7,-102,193,0,6.5
7,-103,193,0,6.4
7,-104,193,0,6.3
7,-105,193,0,6.3
7,-106,193,0,6.3
7,-107,193,0,6.3
7,-108,193,0,6.3
7,-109,193,0,6.2
7,-110,193,0,6.2
7,-111,193,0,6.2
7,-112,193,0,6.1
7,-113,193,0,5.9
7,-114,193,0,5.8
7,-115,193,0,5.8
7,-116,193,0,5.6
7,-117,193,0,5.5
7,-118,193,0,5.5
7,-119,193,0,5.4
7,-120,193,0,5.4
7,-121,193,0,5.3
7,-122,193,0,5.2
7,-123,193,0,5
7,-124,193,0,4.9
7,-125,193,0,4.8
7,-126,193,0,4.8
7,-127,193,0,4.7
7,-128,193,0,4.5
7,-129,193,0,4.4
7,-130,193,0,4
7,-131,193,0,3.9
7,-132,193,0,3.9
7,-133,193,0,3.7
7,-134,193,0,3.6
7,-135,193,0,3.6
7,-136,193,0,3.6
7,-137,193,0,3.5
7,-138,193,0,3.3
7,-139,193,0,3.2
7,-140,193,0,3.1
7,-95,194,0,7.2
7,-96,194,0,7
7,-97,194,0,6.9
7,-98,194,0,6.9
7,-99,194,0,6.6
7,-100,194,0,6.4
7,-101,194,0,6.3
7,-102,194,0,6.3
7,-103,194,0,6.2
7,-104,194,0,6.2
7,-105,194,0,6.2
7,-106,194,0,6.2
7,-107,194,0,6.2
7,-108,194,0,6.2
7,-109,194,0,6.2
7,-110,194,0,6.2
7,-111,194,0,6.1
7,-112,194,0,6
7,-113,194,0,5.7
7,-114,194,0,5.6
7,-115,194,0,5.6
7,-116,194,0,5.5
7,-117,194,0,5.5
7,-118,194,0,5.5
7,-119,194,0,5.4
7,-120,194,0,5.3
7,-121,194,0,5.2
7,-122,194,0,4.9
7,-123,194,0,4.7
7,-124,194,0,4.7
7,-125,194,0,4.6
7,-126,194,0,4.6
7,-127,194,0,4.5
7,-128,194,0,4.3
7,-129,194,0,4.3
7,-130,194,0,3.9
7,-131,194,0,3.9
7,-132,194,0,3.9
7,-133,194,0,3.7
7,-134,194,0,3.5
7,-135,194,0,3.3
7,-136,194,0,3.3
7,-137,194,0,3.2
7,-138,194,0,3.1
7,-139,194,0,3.1
7,-140,194,0,2.9
7,-95,195,0,6.9
7,-96,195,0,6.8
7,-97,195,0,6.6
7,-98,195,0,6.6
7,-99,195,0,6.4
7,-100,195,0,6.3
7,-101,195,0,6.2
7,-102,195,0,6.2
7,-103,195,0,6.2
7,-104,195,0,6.2
7,-105,195,0,6.2
7,-106,195,0,6.1
7,-107,195,0,6.1
7,-108,195,0,6
7,-109,195,0,6
7,-110,195,0,6
7,-111,195,0,5.8
7,-112,195,0,5.6
7,-113,195,0,5.6
7,-114,195,0,5.5
7,-115,195,0,5.5
7,-116,195,0,5.4
7,-117,195,0,5.4
7,-118,195,0,5.3
7,-119,195,0,5.2
7,-120,195,0,5.1
7,-121,195,0,4.9
7,-122,195,0,4.8
7,-123,195,0,4.6
7,-124,195,0,4.6
7,-125,195,0,4.4
7,-126,195,0,4.3
7,-127,195,0,4.1
7,-128,195,0,4.1
7,-129,195,0,4.1
7,-130,195,0,3.7
7,-131,195,0,3.7
7,-132,195,0,3.7
7,-133,195,0,3.5
7,-134,195,0,3.2
7,-135,195,0,3.2
7,-136,195,0,3.2
7,-137,195,0,3
7,-138,195,0,2.9
7,-139,195,0,2.8
7,-140,195,0,2.8
7,-95,196,0,6.8
7,-96,196,0,6.7
7,-97,196,0,6.5
7,-98,196,0,6.5
7,-99,196,0,6.2
7,-100,196,0,6.2
7,-101,196,0,6.2
7,-102,196,0,6.2
7,-103,196,0,6.2
7,-104,196,0,6.2
7,-105,196,0,6.2
7,-106,196,0,6
7,-107,196,0,5.9
7,-108,196,0,5.9
7,-109,196,0,5.9
7,-110,196,0,5.9
7,-111,196,0,5.7
7,-112,196,0,5.4
7,-113,196,0,5.4
7,-114,196,0,5.4
7,-115,196,0,5.3
7,-116,196,0,5.1
7,-117,196,0,5.1
7,-118,196,0,5
7,-119,196,0,4.9
7,-120,196,0,4.8
7,-121,196,0,4.6
7,-122,196,0,4.4
7,-123,196,0,4.3
7,-124,196,0,4.2
7,-125,196,0,4.1
7,-126,196,0,4.1
7,-127,196,0,4
7,-128,196,0,3.9
7,-129,196,0,3.8
7,-130,196,0,3.4
7,-131,196,0,3.4
7,-132,196,0,3.4
7,-133,196,0,3.3
7,-134,196,0,3.1
7,-135,196,0,3.1
7,-136,196,0,3.1
7,-137,196,0,2.8
7,-138,196,0,2.7
7,-139,196,0,2.7
7,-140,196,0,2.6
7,-95,197,0,6.4
7,-96,197,0,6.4
7,-97,197,0,6.3
7,-98,197,0,6.3
7,-99,197,0,6.1
7,-100,197,0,6.1
7,-101,197,0,6
7,-102,197,0,6
7,-103,197,0,5.9
7,-104,197,0,5.9
7,-105,197,0,5.9
7,-106,197,0,5.8
7,-107,197,0,5.7
7,-108,197,0,5.7
7,-109,197,0,5.6
7,-110,197,0,5.6
7,-111,197,0,5.5
7,-112,197,0,5.2
7,-113,197,0,5.2
7,-114,197,0,5.2
7,-115,197,0,5.1
7,-116,197,0,4.9
7,-117,197,0,4.9
7,-118,197,0,4.9
7,-119,197,0,4.6
7,-120,197,0,4.6
7,-121,197,0,4.5
7,-122,197,0,4.4
7,-123,197,0,4.3
7,-124,197,0,4.2
7,-125,197,0,4.1
7,-126,197,0,4.1
7,-127,197,0,4
7,-128,197,0,3.8
7,-129,197,0,3.8
7,-130,197,0,3.4
7,-131,197,0,3.4
7,-132,197,0,3.4
7,-133,197,0,3.3
7,-134,197,0,2.9
7,-135,197,0,2.8
7,-136,197,0,2.8
7,-137,197,0,2.6
7,-138,197,0,2.4
7,-139,197,0,2.4
7,-140,197,0,2.4
7,-95,198,0,6.4
7,-96,198,0,6.4
7,-97,198,0,6.1
7,-98,198,0,6
7,-99,198,0,5.9
7,-100,198,0,5.9
7,-101,198,0,5.9
7,-102,198,0,5.9
7,-103,198,0,5.8
7,-104,198,0,5.8
7,-105,198,0,5.8
7,-106,198,0,5.6
7,-107,198,0,5.6
7,-108,198,0,5.6
7,-109,198,0,5.4
7,-110,198,0,5.3
7,-111,198,0,5.3
7,-112,198,0,5.2
7,-113,198,0,4.9
7,-114,198,0,4.9
7,-115,198,0,4.8
7,-116,198,0,4.8
7,-117,198,0,4.7
7,-118,198,0,4.7
7,-119,198,0,4.5
7,-120,198,0,4.5
7,-121,198,0,4.4
7,-122,198,0,4.3
7,-123,198,0,4.1
7,-124,198,0,4.1
7,-125,198,0,4
7,-126,198,0,4
7,-127,198,0,3.9
7,-128,198,0,3.8
7,-129,198,0,3.8
7,-130,198,0,3.4
7,-131,198,0,3.3
7,-132,198,0,3.2
7,-133,198,0,3.1
7,-134,198,0,2.9
7,-135,198,0,2.6
7,-136,198,0,2.6
7,-137,198,0,2.5
7,-138,198,0,2.4
7,-139,198,0,2.3
7,-140,198,0,2.2
7,-95,199,0,6.3
7,-96,199,0,6.2
7,-97,199,0,6
7,-98,199,0,6
7,-99,199,0,5.9
7,-100,199,0,5.8
7,-101,199,0,5.8
7,-102,199,0,5.7
7,-103,199,0,5.6
7,-104,199,0,5.5
7,-105,199,0,5.5
7,-106,199,0,5.4
7,-107,199,0,5.4
7,-108,199,0,5.3
7,-109,199,0,5.2
7,-110,199,0,5.2
7,-111,199,0,5.2
7,-112,199,0,5.1
7,-113,199,0,4.9
7,-114,199,0,4.9
7,-115,199,0,4.8
7,-116,199,0,4.7
7,-117,199,0,4.6
7,-118,199,0,4.5
7,-119,199,0,4.4
7,-120,199,0,4.4
7,-121,199,0,4.4
7,-122,199,0,4.2
7,-123,199,0,4
7,-124,199,0,3.9
7,-125,199,0,3.9
7,-126,199,0,3.9
7,-127,199,0,3.9
7,-128,199,0,3.7
7,-129,199,0,3.6
7,-130,199,0,3.1
7,-131,199,0,3
7,-132,199,0,2.9
7,-133,199,0,2.8
7,-134,199,0,2.6
7,-135,199,0,2.3
7,-136,199,0,2.3
7,-137,199,0,2.1
7,-138,199,0,1.9
7,-139,199,0,1.9
7,-140,199,0,1.9
7,-95,200,0,6.2
7,-96,200,0,6
7,-97,200,0,5.9
7,-98,200,0,5.9
7,-99,200,0,5.7
7,-100,200,0,5.5
7,-101,200,0,5.4
7,-102,200,0,5.4
7,-103,200,0,5.4
7,-104,200,0,5.3
7,-105,200,0,5.3
7,-106,200,0,5.1
7,-107,200,0,5.1
7,-108,200,0,5.1
7,-109,200,0,5.1
7,-110,200,0,5.1
7,-111,200,0,5.1
7,-112,200,0,5
7,-113,200,0,4.9
7,-114,200,0,4.8
7,-115,200,0,4.6
7,-116,200,0,4.4
7,-117,200,0,4.4
7,-118,200,0,4.3
7,-119,200,0,4.2
7,-120,200,0,4.2
7,-121,200,0,4.1
7,-122,200,0,3.9
7,-123,200,0,3.8
7,-124,200,0,3.7
7,-125,200,0,3.6
7,-126,200,0,3.5
7,-127,200,0,3.5
7,-128,200,0,3.2
7,-129,200,0,3.2
7,-130,200,0,2.7
7,-131,200,0,2.6
7,-132,200,0,2.5
7,-133,200,0,2.4
7,-134,200,0,2.3
7,-135,200,0,2.2
7,-136,200,0,2.2
7,-137,200,0,2.2
7,-138,200,0,2
7,-139,200,0,2
7,-140,200,0,1.9
7,-95,201,0,6.1
7,-96,201,0,5.9
7,-97,201,0,5.7
7,-98,201,0,5.7
7,-99,201,0,5.5
7,-100,201,0,5.5
7,-101,201,0,5.3
7,-102,201,0,5.3
7,-103,201,0,5.3
7,-104,201,0,5.2
7,-105,201,0,5.2
7,-106,201,0,5.1
7,-107,201,0,5.1
7,-108,201,0,5.1
7,-109,201,0,5.1
7,-110,201,0,5.1
7,-111,201,0,5
7,-112,201,0,4.7
7,-113,201,0,4.7
7,-114,201,0,4.6
7,-115,201,0,4.5
7,-116,201,0,4.3
7,-117,201,0,4.3
7,-118,201,0,4.3
7,-119,201,0,4.2
7,-120,201,0,4.1
7,-121,201,0,3.9
7,-122,201,0,3.7
7,-123,201,0,3.5
7,-124,201,0,3.4
7,-125,201,0,3.2
7,-126,201,0,3.2
7,-127,201,0,3.1
7,-128,201,0,2.9
7,-129,201,0,2.9
7,-130,201,0,2.4
7,-131,201,0,2.3
7,-132,201,0,2.3
7,-133,201,0,2.2
7,-134,201,0,2.2
7,-135,201,0,2.1
7,-136,201,0,2.1
7,-137,201,0,2.1
7,-138,201,0,2
7,-139,201,0,2
7,-140,201,0,1.9
7,-95,202,0,5.6
7,-96,202,0,5.5
7,-97,202,0,5.4
7,-98,202,0,5.4
7,-99,202,0,5.3
7,-100,202,0,5.3
7,-101,202,0,5.2
7,-102,202,0,5.2
7,-103,202,0,5.1
7,-104,202,0,5
7,-105,202,0,5
7,-106,202,0,5
7,-107,202,0,5
7,-108,202,0,5
7,-109,202,0,4.9
7,-110,202,0,4.9
7,-111,202,0,4.8
7,-112,202,0,4.6
7,-113,202,0,4.4
7,-114,202,0,4.3
7,-115,202,0,4.3
7,-116,202,0,4.2
7,-117,202,0,4.2
7,-118,202,0,4.1
7,-119,202,0,3.9
7,-120,202,0,3.8
7,-121,202,0,3.7
7,-122,202,0,3.6
7,-123,202,0,3.3
7,-124,202,0,3.1
7,-125,202,0,2.9
7,-126,202,0,2.9
7,-127,202,0,2.8
7,-128,202,0,2.8
7,-129,202,0,2.9
7,-130,202,0,2.4
7,-131,202,0,2.4
7,-132,202,0,2.4
7,-133,202,0,2.3
7,-134,202,0,2.2
7,-135,202,0,2.1
7,-136,202,0,2.1
7,-137,202,0,2
7,-138,202,0,1.9
7,-139,202,0,1.9
7,-140,202,0,1.9
7,-95,203,0,5.4
7,-96,203,0,5.4
7,-97,203,0,5.3
7,-98,203,0,5.3
7,-99,203,0,5.1
7,-100,203,0,5
7,-101,203,0,5
7,-102,203,0,5
7,-103,203,0,4.9
7,-104,203,0,4.9
7,-105,203,0,4.9
7,-106,203,0,4.9
7,-107,203,0,4.9
7,-108,203,0,4.8
7,-109,203,0,4.6
7,-110,203,0,4.6
7,-111,203,0,4.5
7,-112,203,0,4.3
7,-113,203,0,4.2
7,-114,203,0,4.2
7,-115,203,0,4.2
7,-116,203,0,4.1
7,-117,203,0,4.1
7,-118,203,0,4
7,-119,203,0,3.8
7,-120,203,0,3.8
7,-121,203,0,3.5
7,-122,203,0,3.3
7,-123,203,0,3.2
7,-124,203,0,3.2
7,-125,203,0,3
7,-126,203,0,3
7,-127,203,0,2.9
7,-128,203,0,2.8
7,-129,203,0,2.8
7,-130,203,0,2.3
7,-131,203,0,2.3
7,-132,203,0,2.3
7,-133,203,0,2.2
7,-134,203,0,2.2
7,-135,203,0,2.1
7,-136,203,0,2.1
7,-137,203,0,2
7,-138,203,0,1.9
7,-139,203,0,1.8
7,-140,203,0,1.8
7,-95,204,0,5.4
7,-96,204,0,5.2
7,-97,204,0,5.1
7,-98,204,0,5.1
7,-99,204,0,4.9
7,-100,204,0,4.8
7,-101,204,0,4.8
7,-102,204,0,4.8
7,-103,204,0,4.8
7,-104,204,0,4.8
7,-105,204,0,4.8
7,-106,204,0,4.6
7,-107,204,0,4.6
7,-108,204,0,4.6
7,-109,204,0,4.5
7,-110,204,0,4.5
7,-111,204,0,4.4
7,-112,204,0,4.3
7,-113,204,0,4.3
7,-114,204,0,4.3
7,-115,204,0,4.2
7,-116,204,0,4
7,-117,204,0,3.8
7,-118,204,0,3.7
7,-119,204,0,3.4
7,-120,204,0,3.4
7,-121,204,0,3.2
7,-122,204,0,3.1
7,-123,204,0,3
7,-124,204,0,3
7,-125,204,0,3
7,-126,204,0,3
7,-127,204,0,2.9
7,-128,204,0,2.8
7,-129,204,0,2.7
7,-130,204,0,2.3
7,-131,204,0,2.3
7,-132,204,0,2.2
7,-133,204,0,2.1
7,-134,204,0,2.1
7,-135,204,0,1.9
7,-136,204,0,1.9
7,-137,204,0,1.8
7,-138,204,0,1.7
7,-139,204,0,1.7
7,-140,204,0,1.6
7,-95,205,0,5.4
7,-96,205,0,5.2
7,-97,205,0,4.9
7,-98,205,0,4.9
7,-99,205,0,4.8
7,-100,205,0,4.8
7,-101,205,0,4.8
7,-102,205,0,4.8
7,-103,205,0,4.7
7,-104,205,0,4.7
7,-105,205,0,4.7
7,-106,205,0,4.4
7,-107,205,0,4.3
7,-108,205,0,4.3
7,-109,205,0,4.3
7,-110,205,0,4.3
7,-111,205,0,4.3
7,-112,205,0,4.2
7,-113,205,0,4.1
7,-114,205,0,3.9
7,-115,205,0,3.8
7,-116,205,0,3.7
7,-117,205,0,3.7
7,-118,205,0,3.6
7,-119,205,0,3.2
7,-120,205,0,3.2
7,-121,205,0,3.2
7,-122,205,0,3
7,-123,205,0,3
7,-124,205,0,2.9
7,-125,205,0,2.8
7,-126,205,0,2.7
7,-127,205,0,2.7
7,-128,205,0,2.6
7,-129,205,0,2.6
7,-130,205,0,2.2
7,-131,205,0,2.2
7,-132,205,0,2.1
7,-133,205,0,2
7,-134,205,0,1.9
7,-135,205,0,1.7
7,-136,205,0,1.7
7,-137,205,0,1.7
7,-138,205,0,1.6
7,-139,205,0,1.6
7,-140,205,0,1.6
7,-95,206,0,5.3
7,-96,206,0,5.1
7,-97,206,0,4.9
7,-98,206,0,4.9
7,-99,206,0,4.8
7,-100,206,0,4.7
7,-101,206,0,4.7
7,-102,206,0,4.7
7,-103,206,0,4.6
7,-104,206,0,4.6
7,-105,206,0,4.6
7,-106,206,0,4.4
7,-107,206,0,4.3
7,-108,206,0,4.3
7,-109,206,0,4.4
7,-110,206,0,4.4
7,-111,206,0,4.3
7,-112,206,0,4
7,-113,206,0,3.8
7,-114,206,0,3.7
7,-115,206,0,3.8
7,-116,206,0,3.7
7,-117,206,0,3.7
7,-118,206,0,3.6
7,-119,206,0,3.3
7,-120,206,0,3.3
7,-121,206,0,3.2
7,-122,206,0,3
7,-123,206,0,2.8
7,-124,206,0,2.8
7,-125,206,0,2.6
7,-126,206,0,2.6
7,-127,206,0,2.6
7,-128,206,0,2.5
7,-129,206,0,2.5
7,-130,206,0,2
7,-131,206,0,2
7,-132,206,0,1.9
7,-133,206,0,1.9
7,-134,206,0,1.8
7,-135,206,0,1.7
7,-136,206,0,1.7
7,-137,206,0,1.7
7,-138,206,0,1.5
7,-139,206,0,1.5
7,-140,206,0,1.7
7,-95,207,0,5
7,-96,207,0,5.1
7,-97,207,0,5
7,-98,207,0,5
7,-99,207,0,4.9
7,-100,207,0,4.7
7,-101,207,0,4.6
7,-102,207,0,4.5
7,-103,207,0,4.4
7,-104,207,0,4.3
7,-105,207,0,4.3
7,-106,207,0,4.1
7,-107,207,0,4.1
7,-108,207,0,4.1
7,-109,207,0,4.1
7,-110,207,0,4.1
7,-111,207,0,4
7,-112,207,0,3.8
7,-113,207,0,3.6
7,-114,207,0,3.6
7,-115,207,0,3.7
7,-116,207,0,3.5
7,-117,207,0,3.4
7,-118,207,0,3.3
7,-119,207,0,3.2
7,-120,207,0,3.2
7,-121,207,0,3.1
7,-122,207,0,3
7,-123,207,0,2.8
7,-124,207,0,2.8
7,-125,207,0,2.6
7,-126,207,0,2.6
7,-127,207,0,2.6
7,-128,207,0,2.5
7,-129,207,0,2.5
7,-130,207,0,2
7,-131,207,0,2
7,-132,207,0,1.9
7,-133,207,0,1.9
7,-134,207,0,1.7
7,-135,207,0,1.6
7,-136,207,0,1.7
7,-137,207,0,1.8
7,-138,207,0,1.7
7,-139,207,0,1.7
7,-140,207,0,1.7
7,-95,208,0,4.8
7,-96,208,0,4.8
7,-97,208,0,4.6
7,-98,208,0,4.5
7,-99,208,0,4.5
7,-100,208,0,4.4
7,-101,208,0,4.3
7,-102,208,0,4.3
7,-103,208,0,4.3
7,-104,208,0,4.2
7,-105,208,0,4.2
7,-106,208,0,4.1
7,-107,208,0,4.1
7,-108,208,0,4
7,-109,208,0,4
7,-110,208,0,3.9
7,-111,208,0,3.8
7,-112,208,0,3.8
7,-113,208,0,3.6
7,-114,208,0,3.5
7,-115,208,0,3.4
7,-116,208,0,3.3
7,-117,208,0,3.3
7,-118,208,0,3.2
7,-119,208,0,3
7,-120,208,0,3
7,-121,208,0,2.9
7,-122,208,0,2.8
7,-123,208,0,2.6
7,-124,208,0,2.6
7,-125,208,0,2.6
7,-126,208,0,2.5
7,-127,208,0,2.5
7,-128,208,0,2.3
7,-129,208,0,2.3
7,-130,208,0,1.8
7,-131,208,0,1.6
7,-132,208,0,1.6
7,-133,208,0,1.7
7,-134,208,0,1.7
7,-135,208,0,1.7
7,-136,208,0,1.7
7,-137,208,0,1.8
7,-138,208,0,1.7
7,-139,208,0,1.7
7,-140,208,0,1.7
7,-95,209,0,4.7
7,-96,209,0,4.7
7,-97,209,0,4.5
7,-98,209,0,4.4
7,-99,209,0,4.4
7,-100,209,0,4.4
7,-101,209,0,4.2
7,-102,209,0,4.2
7,-103,209,0,4.1
7,-104,209,0,4
7,-105,209,0,4
7,-106,209,0,3.8
7,-107,209,0,3.8
7,-108,209,0,3.7
7,-109,209,0,3.7
7,-110,209,0,3.7
7,-111,209,0,3.7
7,-112,209,0,3.6
7,-113,209,0,3.5
7,-114,209,0,3.4
7,-115,209,0,3.3
7,-116,209,0,3.2
7,-117,209,0,3.2
7,-118,209,0,3.1
7,-119,209,0,3
7,-120,209,0,3
7,-121,209,0,2.8
7,-122,209,0,2.6
7,-123,209,0,2.5
7,-124,209,0,2.4
7,-125,209,0,2.4
7,-126,209,0,2.4
7,-127,209,0,2.3
7,-128,209,0,2.2
7,-129,209,0,2.1
7,-130,209,0,1.7
7,-131,209,0,1.6
7,-132,209,0,1.6
7,-133,209,0,1.7
7,-134,209,0,1.8
7,-135,209,0,1.8
7,-136,209,0,1.8
7,-137,209,0,1.8
7,-138,209,0,1.7
7,-139,209,0,1.7
7,-140,209,0,1.9
7,-95,210,0,4.5
7,-96,210,0,4.4
7,-97,210,0,4.3
7,-98,210,0,4.3
7,-99,210,0,4.3
7,-100,210,0,4.3
7,-101,210,0,4.1
7,-102,210,0,4.1
7,-103,210,0,4
7,-104,210,0,4
7,-105,210,0,4
7,-106,210,0,3.8
7,-107,210,0,3.8
7,-108,210,0,3.8
7,-109,210,0,3.8
7,-110,210,0,3.8
7,-111,210,0,3.7
7,-112,210,0,3.5
7,-113,210,0,3.4
7,-114,210,0,3.4
7,-115,210,0,3.4
7,-116,210,0,3.3
7,-117,210,0,3.2
7,-118,210,0,3.1
7,-119,210,0,2.8
7,-120,210,0,2.7
7,-121,210,0,2.6
7,-122,210,0,2.5
7,-123,210,0,2.4
7,-124,210,0,2.4
7,-125,210,0,2.3
7,-126,210,0,2.3
7,-127,210,0,2.2
7,-128,210,0,2.2
7,-129,210,0,2.1
7,-130,210,0,1.7
7,-131,210,0,1.7
7,-132,210,0,1.7
7,-133,210,0,1.8
7,-134,210,0,1.8
7,-135,210,0,1.7
7,-136,210,0,1.7
7,-137,210,0,1.7
7,-138,210,0,1.5
7,-139,210,0,1.6
7,-140,210,0,1.8
7,-95,211,0,4.4
7,-96,211,0,4.4
7,-97,211,0,4.2
7,-98,211,0,4.2
7,-99,211,0,4
7,-100,211,0,4
7,-101,211,0,4
7,-102,211,0,4
7,-103,211,0,4
7,-104,211,0,4
7,-105,211,0,4
7,-106,211,0,3.7
7,-107,211,0,3.7
7,-108,211,0,3.6
7,-109,211,0,3.6
7,-110,211,0,3.6
7,-111,211,0,3.6
7,-112,211,0,3.3
7,-113,211,0,3.3
7,-114,211,0,3.2
7,-115,211,0,3.3
7,-116,211,0,3.1
7,-117,211,0,2.8
7,-118,211,0,2.7
7,-119,211,0,2.6
7,-120,211,0,2.6
7,-121,211,0,2.5
7,-122,211,0,2.4
7,-123,211,0,2.3
7,-124,211,0,2.3
7,-125,211,0,2.3
7,-126,211,0,2.3
7,-127,211,0,2.2
7,-128,211,0,2.1
7,-129,211,0,2
7,-130,211,0,1.6
7,-131,211,0,1.6
7,-132,211,0,1.6
7,-133,211,0,1.8
7,-134,211,0,1.8
7,-135,211,0,1.7
7,-136,211,0,1.7
7,-137,211,0,1.8
7,-138,211,0,1.7
7,-139,211,0,1.7
7,-140,211,0,1.8
7,-95,212,0,4.3
7,-96,212,0,4.3
7,-97,212,0,4.2
7,-98,212,0,4.2
7,-99,212,0,4
7,-100,212,0,4
7,-101,212,0,4
7,-102,212,0,3.9
7,-103,212,0,3.8
7,-104,212,0,3.8
7,-105,212,0,3.8
7,-106,212,0,3.6
7,-107,212,0,3.6
7,-108,212,0,3.6
7,-109,212,0,3.4
7,-110,212,0,3.4
7,-111,212,0,3.4
7,-112,212,0,3.2
7,-113,212,0,3
7,-114,212,0,2.9
7,-115,212,0,2.9
7,-116,212,0,2.7
7,-117,212,0,2.6
7,-118,212,0,2.6
7,-119,212,0,2.5
7,-120,212,0,2.5
7,-121,212,0,2.4
7,-122,212,0,2.3
7,-123,212,0,2.3
7,-124,212,0,2.2
7,-125,212,0,2.2
7,-126,212,0,2.1
7,-127,212,0,2
7,-128,212,0,1.9
7,-129,212,0,1.8
7,-130,212,0,1.5
7,-131,212,0,1.5
7,-132,212,0,1.5
7,-133,212,0,1.7
7,-134,212,0,1.9
7,-135,212,0,1.8
7,-136,212,0,1.8
7,-137,212,0,1.9
7,-138,212,0,1.8
7,-139,212,0,1.8
7,-140,212,0,1.8
7,-95,213,0,4.2
7,-96,213,0,4.2
7,-97,213,0,4
7,-98,213,0,4
7,-99,213,0,3.9
7,-100,213,0,3.9
7,-101,213,0,3.8
7,-102,213,0,3.8
7,-103,213,0,3.7
7,-104,213,0,3.7
7,-105,213,0,3.7
7,-106,213,0,3.4
7,-107,213,0,3.4
7,-108,213,0,3.4
7,-109,213,0,3.5
7,-110,213,0,3.4
7,-111,213,0,3.2
7,-112,213,0,3.1
7,-113,213,0,2.9
7,-114,213,0,2.9
7,-115,213,0,2.9
7,-116,213,0,2.6
7,-117,213,0,2.6
7,-118,213,0,2.6
7,-119,213,0,2.5
7,-120,213,0,2.5
7,-121,213,0,2.4
7,-122,213,0,2.2
7,-123,213,0,2.1
7,-124,213,0,2
7,-125,213,0,1.9
7,-126,213,0,1.9
7,-127,213,0,1.9
7,-128,213,0,1.8
7,-129,213,0,1.7
7,-130,213,0,1.4
7,-131,213,0,1.5
7,-132,213,0,1.4
7,-133,213,0,1.6
7,-134,213,0,1.8
7,-135,213,0,1.8
7,-136,213,0,1.8
7,-137,213,0,1.9
7,-138,213,0,1.8
7,-139,213,0,1.8
7,-140,213,0,1.8
7,-95,214,0,4.3
7,-96,214,0,4.3
7,-97,214,0,4.1
7,-98,214,0,4.1
7,-99,214,0,4
7,-100,214,0,3.9
7,-101,214,0,3.7
7,-102,214,0,3.7
7,-103,214,0,3.5
7,-104,214,0,3.5
7,-105,214,0,3.5
7,-106,214,0,3.2
7,-107,214,0,3.2
7,-108,214,0,3.1
7,-109,214,0,3.1
7,-110,214,0,3.1
7,-111,214,0,3.1
7,-112,214,0,2.9
7,-113,214,0,2.8
7,-114,214,0,2.7
7,-115,214,0,2.6
7,-116,214,0,2.5
7,-117,214,0,2.5
7,-118,214,0,2.4
7,-119,214,0,2.3
7,-120,214,0,2.3
7,-121,214,0,2.3
7,-122,214,0,2.1
7,-123,214,0,2
7,-124,214,0,2.1
7,-125,214,0,2
7,-126,214,0,2
7,-127,214,0,1.9
7,-128,214,0,1.8
7,-129,214,0,1.8
7,-130,214,0,1.6
7,-131,214,0,1.6
7,-132,214,0,1.6
7,-133,214,0,1.7
7,-134,214,0,1.8
7,-135,214,0,1.9
7,-136,214,0,1.9
7,-137,214,0,1.9
7,-138,214,0,1.8
7,-139,214,0,1.8
7,-140,214,0,1.8
7,-95,215,0,4.1
7,-96,215,0,4.1
7,-97,215,0,3.9
7,-98,215,0,3.8
7,-99,215,0,3.6
7,-100,215,0,3.6
7,-101,215,0,3.5
7,-102,215,0,3.4
7,-103,215,0,3.3
7,-104,215,0,3.2
7,-105,215,0,3.2
7,-106,215,0,3.1
7,-107,215,0,3.1
7,-108,215,0,3.1
7,-109,215,0,3.1
7,-110,215,0,3.1
7,-111,215,0,3
7,-112,215,0,2.8
7,-113,215,0,2.7
7,-114,215,0,2.7
7,-115,215,0,2.6
7,-116,215,0,2.4
7,-117,215,0,2.3
7,-118,215,0,2.2
7,-119,215,0,2.2
7,-120,215,0,2.2
7,-121,215,0,2.3
7,-122,215,0,2.2
7,-123,215,0,2.1
7,-124,215,0,2.1
7,-125,215,0,1.9
7,-126,215,0,1.9
7,-127,215,0,1.8
7,-128,215,0,1.8
7,-129,215,0,1.8
7,-130,215,0,1.7
7,-131,215,0,1.7
7,-132,215,0,1.7
7,-133,215,0,1.8
7,-134,215,0,1.8
7,-135,215,0,1.9
7,-136,215,0,1.9
7,-137,215,0,1.9
7,-138,215,0,1.8
7,-139,215,0,1.8
7,-140,215,0,1.9
7,-95,216,0,3.8
7,-96,216,0,3.9
7,-97,216,0,3.7
7,-98,216,0,3.7
7,-99,216,0,3.4
7,-100,216,0,3.3
7,-101,216,0,3.2
7,-102,216,0,3.2
7,-103,216,0,3.1
7,-104,216,0,3.1
7,-105,216,0,3.1
7,-106,216,0,3.1
7,-107,216,0,3
7,-108,216,0,2.9
7,-109,216,0,2.9
7,-110,216,0,2.9
7,-111,216,0,2.9
7,-112,216,0,2.7
7,-113,216,0,2.6
7,-114,216,0,2.6
7,-115,216,0,2.5
7,-116,216,0,2.3
7,-117,216,0,2.4
7,-118,216,0,2.3
7,-119,216,0,2.3
7,-120,216,0,2.3
7,-121,216,0,2.2
7,-122,216,0,2.3
7,-123,216,0,2.1
7,-124,216,0,2.1
7,-125,216,0,2
7,-126,216,0,2
7,-127,216,0,1.9
7,-128,216,0,1.9
7,-129,216,0,1.8
7,-130,216,0,1.7
7,-131,216,0,1.7
7,-132,216,0,1.7
7,-133,216,0,1.8
7,-134,216,0,1.8
7,-135,216,0,1.9
7,-136,216,0,1.9
7,-137,216,0,2
7,-138,216,0,1.8
7,-139,216,0,1.8
7,-140,216,0,2
7,-95,217,0,3.7
7,-96,217,0,3.7
7,-97,217,0,3.6
7,-98,217,0,3.6
7,-99,217,0,3.3
7,-100,217,0,3.3
7,-101,217,0,3.2
7,-102,217,0,3.2
7,-103,217,0,3.1
7,-104,217,0,3.1
7,-105,217,0,3.1
7,-106,217,0,3
7,-107,217,0,3
7,-108,217,0,2.9
7,-109,217,0,2.8
7,-110,217,0,2.8
7,-111,217,0,2.7
7,-112,217,0,2.5
7,-113,217,0,2.3
7,-114,217,0,2.4
7,-115,217,0,2.4
7,-116,217,0,2.3
7,-117,217,0,2.3
7,-118,217,0,2.3
7,-119,217,0,2.2
7,-120,217,0,2.2
7,-121,217,0,2
7,-122,217,0,2.1
7,-123,217,0,2
7,-124,217,0,2
7,-125,217,0,2.1
7,-126,217,0,2.1
7,-127,217,0,2
7,-128,217,0,1.8
7,-129,217,0,1.8
7,-130,217,0,1.7
7,-131,217,0,1.8
7,-132,217,0,1.8
7,-133,217,0,2
7,-134,217,0,2
7,-135,217,0,1.9
7,-136,217,0,1.9
7,-137,217,0,1.9
7,-138,217,0,1.8
7,-139,217,0,1.9
7,-140,217,0,2
7,-95,218,0,3.6
7,-96,218,0,3.5
7,-97,218,0,3.3
7,-98,218,0,3.3
7,-99,218,0,3.2
7,-100,218,0,3.1
7,-101,218,0,3
7,-102,218,0,3
7,-103,218,0,3
7,-104,218,0,2.9
7,-105,218,0,2.9
7,-106,218,0,2.7
7,-107,218,0,2.7
7,-108,218,0,2.7
7,-109,218,0,2.7
7,-110,218,0,2.6
7,-111,218,0,2.7
7,-112,218,0,2.5
7,-113,218,0,2.4
7,-114,218,0,2.4
7,-115,218,0,2.5
7,-116,218,0,2.4
7,-117,218,0,2.4
7,-118,218,0,2.4
7,-119,218,0,2.2
7,-120,218,0,2.3
7,-121,218,0,2.2
7,-122,218,0,2.2
7,-123,218,0,2.1
7,-124,218,0,2
7,-125,218,0,2.1
7,-126,218,0,2
7,-127,218,0,1.9
7,-128,218,0,1.8
7,-129,218,0,1.7
7,-130,218,0,1.8
7,-131,218,0,1.8
7,-132,218,0,1.8
7,-133,218,0,1.9
7,-134,218,0,1.9
7,-135,218,0,1.9
7,-136,218,0,1.9
7,-137,218,0,2.1
7,-138,218,0,2
7,-139,218,0,2
7,-140,218,0,1.9
7,-95,219,0,3.5
7,-96,219,0,3.4
7,-97,219,0,3.2
7,-98,219,0,3.2
7,-99,219,0,3
7,-100,219,0,2.9
7,-101,219,0,2.9
7,-102,219,0,2.9
7,-103,219,0,2.9
7,-104,219,0,2.8
7,-105,219,0,2.8
7,-106,219,0,2.6
7,-107,219,0,2.6
7,-108,219,0,2.6
7,-109,219,0,2.7
7,-110,219,0,2.7
7,-111,219,0,2.7
7,-112,219,0,2.5
7,-113,219,0,2.4
7,-114,219,0,2.4
7,-115,219,0,2.5
7,-116,219,0,2.5
7,-117,219,0,2.5
7,-118,219,0,2.5
7,-119,219,0,2.4
7,-120,219,0,2.4
7,-121,219,0,2.3
7,-122,219,0,2.2
7,-123,219,0,2
7,-124,219,0,2.1
7,-125,219,0,2.1
7,-126,219,0,2.1
7,-127,219,0,2
7,-128,219,0,1.9
7,-129,219,0,1.8
7,-130,219,0,1.9
7,-131,219,0,1.8
7,-132,219,0,1.8
7,-133,219,0,1.9
7,-134,219,0,2
7,-135,219,0,1.9
7,-136,219,0,1.9
7,-137,219,0,1.9
7,-138,219,0,1.9
7,-139,219,0,1.9
7,-140,219,0,1.9
7,-95,220,0,3.3
7,-96,220,0,3.2
7,-97,220,0,3.1
7,-98,220,0,3.2
7,-99,220,0,2.9
7,-100,220,0,2.9
7,-101,220,0,2.8
7,-102,220,0,2.7
7,-103,220,0,2.7
7,-104,220,0,2.7
7,-105,220,0,2.7
7,-106,220,0,2.6
7,-107,220,0,2.6
7,-108,220,0,2.6
7,-109,220,0,2.7
7,-110,220,0,2.7
7,-111,220,0,2.7
7,-112,220,0,2.6
7,-113,220,0,2.5
7,-114,220,0,2.5
7,-115,220,0,2.5
7,-116,220,0,2.4
7,-117,220,0,2.4
7,-118,220,0,2.4
7,-119,220,0,2.4
7,-120,220,0,2.3
7,-121,220,0,2.3
7,-122,220,0,2.2
7,-123,220,0,2
7,-124,220,0,2
7,-125,220,0,2
7,-126,220,0,2
7,-127,220,0,1.8
7,-128,220,0,1.7
7,-129,220,0,1.7
7,-130,220,0,1.8
7,-131,220,0,1.8
7,-132,220,0,1.8
7,-133,220,0,1.9
7,-134,220,0,2
7,-135,220,0,1.9
7,-136,220,0,1.9
7,-137,220,0,1.9
7,-138,220,0,1.9
7,-139,220,0,1.9
7,-140,220,0,2
7,-95,221,0,3.2
7,-96,221,0,3.2
7,-97,221,0,3
7,-98,221,0,3.1
7,-99,221,0,2.9
7,-100,221,0,2.9
7,-101,221,0,2.7
7,-102,221,0,2.7
7,-103,221,0,2.7
7,-104,221,0,2.7
7,-105,221,0,2.7
7,-106,221,0,2.7
7,-107,221,0,2.7
7,-108,221,0,2.7
7,-109,221,0,2.6
7,-110,221,0,2.6
7,-111,221,0,2.5
7,-112,221,0,2.5
7,-113,221,0,2.5
7,-114,221,0,2.5
7,-115,221,0,2.4
7,-116,221,0,2.3
7,-117,221,0,2.2
7,-118,221,0,2.3
7,-119,221,0,2.2
7,-120,221,0,2.2
7,-121,221,0,2.2
7,-122,221,0,2.1
7,-123,221,0,2
7,-124,221,0,2
7,-125,221,0,1.9
7,-126,221,0,1.9
7,-127,221,0,1.7
7,-128,221,0,1.6
7,-129,221,0,1.6
7,-130,221,0,1.7
7,-131,221,0,1.7
7,-132,221,0,1.7
7,-133,221,0,1.8
7,-134,221,0,2
7,-135,221,0,2
7,-136,221,0,2
7,-137,221,0,2
7,-138,221,0,1.9
7,-139,221,0,1.9
7,-140,221,0,1.9
7,-95,222,0,3.2
7,-96,222,0,3.2
7,-97,222,0,3.1
7,-98,222,0,3.1
7,-99,222,0,2.9
7,-100,222,0,2.9
7,-101,222,0,2.8
7,-102,222,0,2.8
7,-103,222,0,2.6
7,-104,222,0,2.5
7,-105,222,0,2.5
7,-106,222,0,2.6
7,-107,222,0,2.6
7,-108,222,0,2.6
7,-109,222,0,2.6
7,-110,222,0,2.6
7,-111,222,0,2.7
7,-112,222,0,2.6
7,-113,222,0,2.6
7,-114,222,0,2.4
7,-115,222,0,2.3
7,-116,222,0,2.1
7,-117,222,0,2.1
7,-118,222,0,2.2
7,-119,222,0,2.2
7,-120,222,0,2.2
7,-121,222,0,2.1
7,-122,222,0,2
7,-123,222,0,2
7,-124,222,0,1.9
7,-125,222,0,1.8
7,-126,222,0,1.8
7,-127,222,0,1.7
7,-128,222,0,1.6
7,-129,222,0,1.6
7,-130,222,0,1.7
7,-131,222,0,1.8
7,-132,222,0,1.8
7,-133,222,0,1.9
7,-134,222,0,2
7,-135,222,0,2
7,-136,222,0,2
7,-137,222,0,2
7,-138,222,0,2
7,-139,222,0,2
7,-140,222,0,2.1
7,-95,223,0,2.9
7,-96,223,0,2.9
7,-97,223,0,2.8
7,-98,223,0,2.8
7,-99,223,0,2.7
7,-100,223,0,2.6
7,-101,223,0,2.5
7,-102,223,0,2.5
7,-103,223,0,2.5
7,-104,223,0,2.6
7,-105,223,0,2.6
7,-106,223,0,2.6
7,-107,223,0,2.6
7,-108,223,0,2.7
7,-109,223,0,2.7
7,-110,223,0,2.7
7,-111,223,0,2.5
7,-112,223,0,2.3
7,-113,223,0,2.2
7,-114,223,0,2.2
7,-115,223,0,2.2
7,-116,223,0,2.1
7,-117,223,0,2.1
7,-118,223,0,2.2
7,-119,223,0,2.2
7,-120,223,0,2.2
7,-121,223,0,2.1
7,-122,223,0,2
7,-123,223,0,1.8
7,-124,223,0,1.8
7,-125,223,0,1.8
7,-126,223,0,1.8
7,-127,223,0,1.6
7,-128,223,0,1.7
7,-129,223,0,1.8
7,-130,223,0,1.9
7,-131,223,0,2
7,-132,223,0,1.9
7,-133,223,0,2
7,-134,223,0,2
7,-135,223,0,2.1
7,-136,223,0,2.1
7,-137,223,0,2.2
7,-138,223,0,2.1
7,-139,223,0,2.1
7,-140,223,0,2.2
7,-95,224,0,3
7,-96,224,0,3
7,-97,224,0,2.8
7,-98,224,0,2.8
7,-99,224,0,2.6
7,-100,224,0,2.6
7,-101,224,0,2.7
7,-102,224,0,2.7
7,-103,224,0,2.7
7,-104,224,0,2.7
7,-105,224,0,2.7
7,-106,224,0,2.7
7,-107,224,0,2.7
7,-108,224,0,2.5
7,-109,224,0,2.5
7,-110,224,0,2.4
7,-111,224,0,2.4
7,-112,224,0,2.2
7,-113,224,0,2.3
7,-114,224,0,2.3
7,-115,224,0,2.3
7,-116,224,0,2.2
7,-117,224,0,2.2
7,-118,224,0,2.2
7,-119,224,0,2.1
7,-120,224,0,2.1
7,-121,224,0,2
7,-122,224,0,2
7,-123,224,0,1.9
7,-124,224,0,1.8
7,-125,224,0,1.8
7,-126,224,0,1.9
7,-127,224,0,1.8
7,-128,224,0,1.9
7,-129,224,0,1.9
7,-130,224,0,2.1
7,-131,224,0,2.2
7,-132,224,0,2.1
7,-133,224,0,2.1
7,-134,224,0,2.4
7,-135,224,0,2.4
7,-136,224,0,2.4
7,-137,224,0,2.5
7,-138,224,0,2.3
7,-139,224,0,2.3
7,-140,224,0,2.4
7,-95,225,0,2.9
7,-96,225,0,2.9
7,-97,225,0,2.8
7,-98,225,0,2.9
7,-99,225,0,2.7
7,-100,225,0,2.7
7,-101,225,0,2.7
7,-102,225,0,2.7
7,-103,225,0,2.6
7,-104,225,0,2.6
7,-105,225,0,2.6
7,-106,225,0,2.6
7,-107,225,0,2.6
7,-108,225,0,2.5
7,-109,225,0,2.5
7,-110,225,0,2.4
7,-111,225,0,2.4
7,-112,225,0,2.2
7,-113,225,0,2.3
7,-114,225,0,2.3
7,-115,225,0,2.3
7,-116,225,0,2.1
7,-117,225,0,2.1
7,-118,225,0,2.1
7,-119,225,0,2.1
7,-120,225,0,2.2
7,-121,225,0,2.2
7,-122,225,0,2.2
7,-123,225,0,2
7,-124,225,0,2
7,-125,225,0,2.1
7,-126,225,0,2.1
7,-127,225,0,2
7,-128,225,0,1.9
7,-129,225,0,1.8
7,-130,225,0,2.1
7,-131,225,0,2.1
7,-132,225,0,2.1
7,-133,225,0,2.1
7,-134,225,0,2.3
7,-135,225,0,2.3
7,-136,225,0,2.3
7,-137,225,0,2.5
7,-138,225,0,2.4
7,-139,225,0,2.4
7,-140,225,0,2.4
7,-95,226,0,3
7,-96,226,0,3
7,-97,226,0,2.8
7,-98,226,0,2.8
7,-99,226,0,2.6
7,-100,226,0,2.5
7,-101,226,0,2.5
7,-102,226,0,2.5
7,-103,226,0,2.5
7,-104,226,0,2.5
7,-105,226,0,2.5
7,-106,226,0,2.5
7,-107,226,0,2.5
7,-108,226,0,2.5
7,-109,226,0,2.5
7,-110,226,0,2.5
7,-111,226,0,2.5
7,-112,226,0,2.3
7,-113,226,0,2.3
7,-114,226,0,2.4
7,-115,226,0,2.5
7,-116,226,0,2.4
7,-117,226,0,2.5
7,-118,226,0,2.5
7,-119,226,0,2.6
7,-120,226,0,2.6
7,-121,226,0,2.4
7,-122,226,0,2.4
7,-123,226,0,2.2
7,-124,226,0,2.1
7,-125,226,0,2
7,-126,226,0,2
7,-127,226,0,1.9
7,-128,226,0,1.9
7,-129,226,0,1.8
7,-130,226,0,2.1
7,-131,226,0,2.2
7,-132,226,0,2.3
7,-133,226,0,2.3
7,-134,226,0,2.4
7,-135,226,0,2.4
7,-136,226,0,2.4
7,-137,226,0,2.6
7,-138,226,0,2.4
7,-139,226,0,2.5
7,-140,226,0,2.6
7,-95,227,0,3
7,-96,227,0,2.9
7,-97,227,0,2.8
7,-98,227,0,2.8
7,-99,227,0,2.6
7,-100,227,0,2.5
7,-101,227,0,2.5
7,-102,227,0,2.5
7,-103,227,0,2.5
7,-104,227,0,2.5
7,-105,227,0,2.5
7,-106,227,0,2.5
7,-107,227,0,2.5
7,-108,227,0,2.5
7,-109,227,0,2.5
7,-110,227,0,2.5
7,-111,227,0,2.6
7,-112,227,0,2.5
7,-113,227,0,2.5
7,-114,227,0,2.5
7,-115,227,0,2.6
7,-116,227,0,2.5
7,-117,227,0,2.5
7,-118,227,0,2.5
7,-119,227,0,2.5
7,-120,227,0,2.6
7,-121,227,0,2.5
7,-122,227,0,2.3
7,-123,227,0,2.1
7,-124,227,0,2
7,-125,227,0,2
7,-126,227,0,2
7,-127,227,0,2
7,-128,227,0,1.9
7,-129,227,0,2
7,-130,227,0,2.3
7,-131,227,0,2.3
7,-132,227,0,2.3
7,-133,227,0,2.3
7,-134,227,0,2.4
7,-135,227,0,2.6
7,-136,227,0,2.7
7,-137,227,0,2.7
7,-138,227,0,2.5
7,-139,227,0,2.6
7,-140,227,0,2.6
7,-95,228,0,2.7
7,-96,228,0,2.6
7,-97,228,0,2.6
7,-98,228,0,2.6
7,-99,228,0,2.5
7,-100,228,0,2.5
7,-101,228,0,2.5
7,-102,228,0,2.4
7,-103,228,0,2.3
7,-104,228,0,2.3
7,-105,228,0,2.3
7,-106,228,0,2.4
7,-107,228,0,2.4
7,-108,228,0,2.4
7,-109,228,0,2.4
7,-110,228,0,2.4
7,-111,228,0,2.5
7,-112,228,0,2.5
7,-113,228,0,2.4
7,-114,228,0,2.5
7,-115,228,0,2.6
7,-116,228,0,2.6
7,-117,228,0,2.5
7,-118,228,0,2.5
7,-119,228,0,2.3
7,-120,228,0,2.3
7,-121,228,0,2.2
7,-122,228,0,2.2
7,-123,228,0,2.2
7,-124,228,0,2.1
7,-125,228,0,2.1
7,-126,228,0,2.1
7,-127,228,0,2.1
7,-128,228,0,2
7,-129,228,0,2
7,-130,228,0,2.3
7,-131,228,0,2.4
7,-132,228,0,2.4
7,-133,228,0,2.5
7,-134,228,0,2.5
7,-135,228,0,2.7
7,-136,228,0,2.7
7,-137,228,0,2.8
7,-138,228,0,2.7
7,-139,228,0,2.7
7,-140,228,0,2.8
7,-95,229,0,2.7
7,-96,229,0,2.6
7,-97,229,0,2.6
7,-98,229,0,2.6
7,-99,229,0,2.5
7,-100,229,0,2.4
7,-101,229,0,2.3
7,-102,229,0,2.3
7,-103,229,0,2.5
7,-104,229,0,2.6
7,-105,229,0,2.6
7,-106,229,0,2.6
7,-107,229,0,2.5
7,-108,229,0,2.4
7,-109,229,0,2.4
7,-110,229,0,2.4
7,-111,229,0,2.5
7,-112,229,0,2.5
7,-113,229,0,2.4
7,-114,229,0,2.5
7,-115,229,0,2.5
7,-116,229,0,2.3
7,-117,229,0,2.3
7,-118,229,0,2.4
7,-119,229,0,2.3
7,-120,229,0,2.3
7,-121,229,0,2.2
7,-122,229,0,2.2
7,-123,229,0,2.2
7,-124,229,0,2.2
7,-125,229,0,2.2
7,-126,229,0,2.2
7,-127,229,0,2.2
7,-128,229,0,2.1
7,-129,229,0,2.1
7,-130,229,0,2.4
7,-131,229,0,2.5
7,-132,229,0,2.6
7,-133,229,0,2.7
7,-134,229,0,2.8
7,-135,229,0,2.7
7,-136,229,0,2.7
7,-137,229,0,2.7
7,-138,229,0,2.6
7,-139,229,0,2.6
7,-140,229,0,2.7
7,-95,230,0,2.6
7,-96,230,0,2.7
7,-97,230,0,2.7
7,-98,230,0,2.7
7,-99,230,0,2.6
7,-100,230,0,2.7
7,-101,230,0,2.7
7,-102,230,0,2.7
7,-103,230,0,2.7
7,-104,230,0,2.7
7,-105,230,0,2.7
7,-106,230,0,2.7
7,-107,230,0,2.6
7,-108,230,0,2.5
7,-109,230,0,2.5
7,-110,230,0,2.4
7,-111,230,0,2.4
7,-112,230,0,2.5
7,-113,230,0,2.4
7,-114,230,0,2.5
7,-115,230,0,2.5
7,-116,230,0,2.4
7,-117,230,0,2.3
7,-118,230,0,2.4
7,-119,230,0,2.3
7,-120,230,0,2.4
7,-121,230,0,2.4
7,-122,230,0,2.3
7,-123,230,0,2.2
7,-124,230,0,2.3
7,-125,230,0,2.2
7,-126,230,0,2.2
7,-127,230,0,2.1
7,-128,230,0,2.1
7,-129,230,0,2.1
7,-130,230,0,2.4
7,-131,230,0,2.5
7,-132,230,0,2.6
7,-133,230,0,2.7
7,-134,230,0,2.8
7,-135,230,0,2.8
7,-136,230,0,2.8
7,-137,230,0,2.9
7,-138,230,0,2.9
7,-139,230,0,2.9
7,-140,230,0,3.1
7,-95,231,0,2.6
7,-96,231,0,2.7
7,-97,231,0,2.7
7,-98,231,0,2.8
7,-99,231,0,2.7
7,-100,231,0,2.8
7,-101,231,0,2.7
7,-102,231,0,2.7
7,-103,231,0,2.7
7,-104,231,0,2.6
7,-105,231,0,2.6
7,-106,231,0,2.4
7,-107,231,0,2.4
7,-108,231,0,2.5
7,-109,231,0,2.6
7,-110,231,0,2.5
7,-111,231,0,2.5
7,-112,231,0,2.6
7,-113,231,0,2.6
7,-114,231,0,2.6
7,-115,231,0,2.6
7,-116,231,0,2.5
7,-117,231,0,2.4
7,-118,231,0,2.4
7,-119,231,0,2.4
7,-120,231,0,2.4
7,-121,231,0,2.2
7,-122,231,0,2.2
7,-123,231,0,2.2
7,-124,231,0,2.4
7,-125,231,0,2.3
7,-126,231,0,2.3
7,-127,231,0,2.2
7,-128,231,0,2.3
7,-129,231,0,2.4
7,-130,231,0,2.7
7,-131,231,0,2.8
7,-132,231,0,2.8
7,-133,231,0,3
7,-134,231,0,3.1
7,-135,231,0,3.1
7,-136,231,0,3.1
7,-137,231,0,3.3
7,-138,231,0,3.1
7,-139,231,0,3.1
7,-140,231,0,3.1
7,-95,232,0,2.7
7,-96,232,0,2.8
7,-97,232,0,2.8
7,-98,232,0,2.8
7,-99,232,0,2.6
7,-100,232,0,2.6
7,-101,232,0,2.6
7,-102,232,0,2.6
7,-103,232,0,2.7
7,-104,232,0,2.6
7,-105,232,0,2.6
7,-106,232,0,2.5
7,-107,232,0,2.5
7,-108,232,0,2.4
7,-109,232,0,2.5
7,-110,232,0,2.5
7,-111,232,0,2.5
7,-112,232,0,2.5
7,-113,232,0,2.6
7,-114,232,0,2.6
7,-115,232,0,2.6
7,-116,232,0,2.4
7,-117,232,0,2.5
7,-118,232,0,2.5
7,-119,232,0,2.5
7,-120,232,0,2.5
7,-121,232,0,2.3
7,-122,232,0,2.4
7,-123,232,0,2.4
7,-124,232,0,2.4
7,-125,232,0,2.4
7,-126,232,0,2.5
7,-127,232,0,2.4
7,-128,232,0,2.5
7,-129,232,0,2.5
7,-130,232,0,2.8
7,-131,232,0,2.9
7,-132,232,0,2.9
7,-133,232,0,3.1
7,-134,232,0,3.2
7,-135,232,0,3.1
7,-136,232,0,3.1
7,-137,232,0,3.4
7,-138,232,0,3.3
7,-139,232,0,3.3
7,-140,232,0,3.3
7,-95,233,0,2.9
7,-96,233,0,2.8
7,-97,233,0,2.8
7,-98,233,0,2.8
7,-99,233,0,2.5
7,-100,233,0,2.6
7,-101,233,0,2.5
7,-102,233,0,2.4
7,-103,233,0,2.4
7,-104,233,0,2.4
7,-105,233,0,2.4
7,-106,233,0,2.6
7,-107,233,0,2.6
7,-108,233,0,2.6
7,-109,233,0,2.6
7,-110,233,0,2.6
7,-111,233,0,2.6
7,-112,233,0,2.6
7,-113,233,0,2.6
7,-114,233,0,2.6
7,-115,233,0,2.6
7,-116,233,0,2.5
7,-117,233,0,2.5
7,-118,233,0,2.5
7,-119,233,0,2.4
7,-120,233,0,2.5
7,-121,233,0,2.4
7,-122,233,0,2.4
7,-123,233,0,2.5
7,-124,233,0,2.5
7,-125,233,0,2.5
7,-126,233,0,2.5
7,-127,233,0,2.4
7,-128,233,0,2.5
7,-129,233,0,2.6
7,-130,233,0,2.8
7,-131,233,0,2.9
7,-132,233,0,2.9
7,-133,233,0,3.1
7,-134,233,0,3.3
7,-135,233,0,3.4
7,-136,233,0,3.4
7,-137,233,0,3.4
7,-138,233,0,3.3
7,-139,233,0,3.4
7,-140,233,0,3.4
7,-95,234,0,2.9
7,-96,234,0,2.8
7,-97,234,0,2.7
7,-98,234,0,2.7
7,-99,234,0,2.5
7,-100,234,0,2.6
7,-101,234,0,2.4
7,-102,234,0,2.4
7,-103,234,0,2.5
7,-104,234,0,2.5
7,-105,234,0,2.5
7,-106,234,0,2.7
7,-107,234,0,2.8
7,-108,234,0,2.7
7,-109,234,0,2.7
7,-110,234,0,2.7
7,-111,234,0,2.7
7,-112,234,0,2.7
7,-113,234,0,2.7
7,-114,234,0,2.7
7,-115,234,0,2.8
7,-116,234,0,2.8
7,-117,234,0,2.8
7,-118,234,0,2.8
7,-119,234,0,2.8
7,-120,234,0,2.9
7,-121,234,0,2.8
7,-122,234,0,2.8
7,-123,234,0,2.7
7,-124,234,0,2.6
7,-125,234,0,2.6
7,-126,234,0,2.6
7,-127,234,0,2.6
7,-128,234,0,2.6
7,-129,234,0,2.7
7,-130,234,0,3
7,-131,234,0,3
7,-132,234,0,3.1
7,-133,234,0,3.2
7,-134,234,0,3.2
7,-135,234,0,3.4
7,-136,234,0,3.4
7,-137,234,0,3.4
7,-138,234,0,3.3
7,-139,234,0,3.4
7,-140,234,0,3.5
7,-95,235,0,2.8
7,-96,235,0,2.7
7,-97,235,0,2.6
7,-98,235,0,2.6
7,-99,235,0,2.5
7,-100,235,0,2.6
7,-101,235,0,2.5
7,-102,235,0,2.5
7,-103,235,0,2.5
7,-104,235,0,2.6
7,-105,235,0,2.6
7,-106,235,0,2.6
7,-107,235,0,2.7
7,-108,235,0,2.8
7,-109,235,0,2.7
7,-110,235,0,2.7
7,-111,235,0,2.6
7,-112,235,0,2.7
7,-113,235,0,2.7
7,-114,235,0,2.8
7,-115,235,0,3
7,-116,235,0,2.8
7,-117,235,0,2.8
7,-118,235,0,2.8
7,-119,235,0,2.9
7,-120,235,0,2.9
7,-121,235,0,2.9
7,-122,235,0,2.9
7,-123,235,0,2.8
7,-124,235,0,2.7
7,-125,235,0,2.6
7,-126,235,0,2.6
7,-127,235,0,2.6
7,-128,235,0,2.7
7,-129,235,0,2.8
7,-130,235,0,3.1
7,-131,235,0,3.1
7,-132,235,0,3.2
7,-133,235,0,3.3
7,-134,235,0,3.3
7,-135,235,0,3.4
7,-136,235,0,3.4
7,-137,235,0,3.5
7,-138,235,0,3.4
7,-139,235,0,3.4
7,-140,235,0,3.5
7,-95,236,0,2.9
7,-96,236,0,2.8
7,-97,236,0,2.7
7,-98,236,0,2.7
7,-99,236,0,2.6
7,-100,236,0,2.6
7,-101,236,0,2.6
7,-102,236,0,2.6
7,-103,236,0,2.7
7,-104,236,0,2.7
7,-105,236,0,2.7
7,-106,236,0,2.7
7,-107,236,0,2.7
7,-108,236,0,2.6
7,-109,236,0,2.6
7,-110,236,0,2.7
7,-111,236,0,2.7
7,-112,236,0,2.8
7,-113,236,0,2.8
7,-114,236,0,2.8
7,-115,236,0,2.9
7,-116,236,0,2.7
7,-117,236,0,2.7
7,-118,236,0,2.7
7,-119,236,0,2.9
7,-120,236,0,2.9
7,-121,236,0,2.9
7,-122,236,0,2.9
7,-123,236,0,2.7
7,-124,236,0,2.7
7,-125,236,0,2.7
7,-126,236,0,2.7
7,-127,236,0,2.7
7,-128,236,0,2.8
7,-129,236,0,2.8
7,-130,236,0,3.1
7,-131,236,0,3.2
7,-132,236,0,3.3
7,-133,236,0,3.5
7,-134,236,0,3.6
7,-135,236,0,3.5
7,-136,236,0,3.5
7,-137,236,0,3.5
7,-138,236,0,3.5
7,-139,236,0,3.5
7,-140,236,0,3.7
7,-95,237,0,2.7
7,-96,237,0,2.7
7,-97,237,0,2.9
7,-98,237,0,3
7,-99,237,0,2.8
7,-100,237,0,2.7
7,-101,237,0,2.7
7,-102,237,0,2.6
7,-103,237,0,2.6
7,-104,237,0,2.7
7,-105,237,0,2.7
7,-106,237,0,2.6
7,-107,237,0,2.6
7,-108,237,0,2.6
7,-109,237,0,2.6
7,-110,237,0,2.7
7,-111,237,0,2.8
7,-112,237,0,3
7,-113,237,0,3
7,-114,237,0,2.9
7,-115,237,0,2.9
7,-116,237,0,2.7
7,-117,237,0,2.8
7,-118,237,0,2.8
7,-119,237,0,2.9
7,-120,237,0,2.9
7,-121,237,0,2.9
7,-122,237,0,2.9
7,-123,237,0,2.7
7,-124,237,0,2.9
7,-125,237,0,2.9
7,-126,237,0,2.9
7,-127,237,0,2.9
7,-128,237,0,3.1
7,-129,237,0,3.2
7,-130,237,0,3.4
7,-131,237,0,3.4
7,-132,237,0,3.4
7,-133,237,0,3.6
7,-134,237,0,3.8
7,-135,237,0,3.7
7,-136,237,0,3.7
7,-137,237,0,3.8
7,-138,237,0,3.7
7,-139,237,0,3.7
7,-140,237,0,3.9
7,-95,238,0,2.9
7,-96,238,0,3
7,-97,238,0,3
7,-98,238,0,3
7,-99,238,0,2.9
7,-100,238,0,2.9
7,-101,238,0,2.8
7,-102,238,0,2.8
7,-103,238,0,2.8
7,-104,238,0,2.9
7,-105,238,0,2.9
7,-106,238,0,2.8
7,-107,238,0,2.8
7,-108,238,0,2.9
7,-109,238,0,2.9
7,-110,238,0,2.9
7,-111,238,0,2.8
7,-112,238,0,2.9
7,-113,238,0,2.7
7,-114,238,0,2.7
7,-115,238,0,2.7
7,-116,238,0,2.8
7,-117,238,0,2.9
7,-118,238,0,3
7,-119,238,0,3
7,-120,238,0,3.1
7,-121,238,0,3
7,-122,238,0,2.9
7,-123,238,0,2.8
7,-124,238,0,2.9
7,-125,238,0,2.9
7,-126,238,0,2.9
7,-127,238,0,3
7,-128,238,0,3
7,-129,238,0,3.1
7,-130,238,0,3.4
7,-131,238,0,3.5
7,-132,238,0,3.5
7,-133,238,0,3.6
7,-134,238,0,3.9
7,-135,238,0,3.9
7,-136,238,0,3.9
7,-137,238,0,3.9
7,-138,238,0,3.8
7,-139,238,0,3.9
7,-140,238,0,4.1
7,-95,239,0,3
7,-96,239,0,3.1
7,-97,239,0,2.9
7,-98,239,0,2.9
7,-99,239,0,2.9
7,-100,239,0,2.9
7,-101,239,0,2.9
7,-102,239,0,2.8
7,-103,239,0,2.9
7,-104,239,0,2.9
7,-105,239,0,2.9
7,-106,239,0,2.9
7,-107,239,0,2.9
7,-108,239,0,2.8
7,-109,239,0,2.9
7,-110,239,0,2.9
7,-111,239,0,2.9
7,-112,239,0,2.9
7,-113,239,0,2.8
7,-114,239,0,2.9
7,-115,239,0,3
7,-116,239,0,3.1
7,-117,239,0,3.1
7,-118,239,0,3.2
7,-119,239,0,3.2
7,-120,239,0,3.2
7,-121,239,0,3.1
7,-122,239,0,3
7,-123,239,0,3.1
7,-124,239,0,3.1
7,-125,239,0,3
7,-126,239,0,3
7,-127,239,0,3.1
7,-128,239,0,3.3
7,-129,239,0,3.3
7,-130,239,0,3.6
7,-131,239,0,3.6
7,-132,239,0,3.7
7,-133,239,0,3.8
7,-134,239,0,4
7,-135,239,0,4
7,-136,239,0,4
7,-137,239,0,4.2
7,-138,239,0,4.1
7,-139,239,0,4.1
7,-140,239,0,4.2
7,-95,240,0,3.1
7,-96,240,0,3.1
7,-97,240,0,3
7,-98,240,0,3
7,-99,240,0,3
7,-100,240,0,3.1
7,-101,240,0,2.9
7,-102,240,0,2.9
7,-103,240,0,2.9
7,-104,240,0,2.9
7,-105,240,0,2.9
7,-106,240,0,2.8
7,-107,240,0,2.8
7,-108,240,0,2.8
7,-109,240,0,2.9
7,-110,240,0,2.9
7,-111,240,0,2.9
7,-112,240,0,2.9
7,-113,240,0,2.9
7,-114,240,0,2.9
7,-115,240,0,3.1
7,-116,240,0,3.2
7,-117,240,0,3.2
7,-118,240,0,3.2
7,-119,240,0,3.2
7,-120,240,0,3.3
7,-121,240,0,3.3
7,-122,240,0,3.1
7,-123,240,0,3.1
7,-124,240,0,3.1
7,-125,240,0,3
7,-126,240,0,3.1
7,-127,240,0,3.2
7,-128,240,0,3.4
7,-129,240,0,3.4
7,-130,240,0,3.7
7,-131,240,0,3.8
7,-132,240,0,3.9
7,-133,240,0,4
7,-134,240,0,4.1
7,-135,240,0,4.2
7,-136,240,0,4.2
7,-137,240,0,4.4
7,-138,240,0,4.3
7,-139,240,0,4.4
7,-140,240,0,4.5
