"boostings","learning_rates","max_bins","min_data_in_leaf","max_depth","feature_fractions","bagging_fractions","bagging_freqs","lambda_l2s","val_score","test_score"
"gbdt",0.1,255,20,-1,0.8,0.8,1,0,0.307182972255595,0.314384710669977
"gbdt",0.01,255,20,-1,0.8,0.8,1,0,0.30324120480478,0.317609790233725
"gbdt",0.1,255,12,-1,0.8,0.8,1,0,0.306755304230209,0.31985841633691
"gbdt",0.01,255,12,-1,0.8,0.8,1,0,0.303480179880381,0.3164477976583
"gbdt",0.1,255,40,-1,0.8,0.8,1,0,0.305252562099639,0.322096840011459
"gbdt",0.01,255,40,-1,0.8,0.8,1,0,0.304548665764676,0.315494617262061
"gbdt",0.1,255,20,10,0.8,0.8,1,0,0.305551517116035,0.324473748086102
"gbdt",0.01,255,20,10,0.8,0.8,1,0,0.300219885871933,0.31454575020984
"gbdt",0.1,255,12,10,0.8,0.8,1,0,0.304015230620717,0.322114783538651
"gbdt",0.01,255,12,10,0.8,0.8,1,0,0.299879361380876,0.312043696627578
"gbdt",0.1,255,40,10,0.8,0.8,1,0,0.304930878065313,0.323167091036242
"gbdt",0.01,255,40,10,0.8,0.8,1,0,0.304993491796477,0.313303933108875
"gbdt",0.1,255,20,20,0.8,0.8,1,0,0.307182972255595,0.314384710669977
"gbdt",0.01,255,20,20,0.8,0.8,1,0,0.302527681264594,0.317609790233725
"gbdt",0.1,255,12,20,0.8,0.8,1,0,0.306755304230209,0.31985841633691
"gbdt",0.01,255,12,20,0.8,0.8,1,0,0.304093923669329,0.3164477976583
"gbdt",0.1,255,40,20,0.8,0.8,1,0,0.305252562099639,0.322096840011459
"gbdt",0.01,255,40,20,0.8,0.8,1,0,0.304548665764676,0.315494617262061
"gbdt",0.1,255,20,-1,0.9,0.8,1,0,0.305898460758254,0.31905636943587
"gbdt",0.01,255,20,-1,0.9,0.8,1,0,0.303192693182401,0.31642319500433
"gbdt",0.1,255,12,-1,0.9,0.8,1,0,0.300309505079208,0.321864067099963
"gbdt",0.01,255,12,-1,0.9,0.8,1,0,0.301560473138502,0.315841439811734
"gbdt",0.1,255,40,-1,0.9,0.8,1,0,0.304852160742527,0.32411843987667
"gbdt",0.01,255,40,-1,0.9,0.8,1,0,0.304491338446361,0.314832357072886
"gbdt",0.1,255,20,10,0.9,0.8,1,0,0.306080846448906,0.317935335493283
"gbdt",0.01,255,20,10,0.9,0.8,1,0,0.301883427036933,0.312175308725508
"gbdt",0.1,255,12,10,0.9,0.8,1,0,0.306739953353599,0.315834048098258
"gbdt",0.01,255,12,10,0.9,0.8,1,0,0.299084516038687,0.313475924585999
"gbdt",0.1,255,40,10,0.9,0.8,1,0,0.308497265146883,0.32515744837763
"gbdt",0.01,255,40,10,0.9,0.8,1,0,0.305327185752474,0.314326955232964
"gbdt",0.1,255,20,20,0.9,0.8,1,0,0.305898460758254,0.31905636943587
"gbdt",0.01,255,20,20,0.9,0.8,1,0,0.303456328619842,0.31642319500433
"gbdt",0.1,255,12,20,0.9,0.8,1,0,0.300309505079208,0.321864067099963
"gbdt",0.01,255,12,20,0.9,0.8,1,0,0.301694477062037,0.315841439811734
"gbdt",0.1,255,40,20,0.9,0.8,1,0,0.304852158804386,0.32411843987667
"gbdt",0.01,255,40,20,0.9,0.8,1,0,0.304491338446361,0.314832357072886
"gbdt",0.1,255,20,-1,1,0.8,1,0,0.303965586135999,0.319816798687604
"gbdt",0.01,255,20,-1,1,0.8,1,0,0.302264673888948,0.318485624066552
"gbdt",0.1,255,12,-1,1,0.8,1,0,0.296373360798406,0.328108672914698
"gbdt",0.01,255,12,-1,1,0.8,1,0,0.300981897161266,0.316447674182873
"gbdt",0.1,255,40,-1,1,0.8,1,0,0.307447259270025,0.306603334092422
"gbdt",0.01,255,40,-1,1,0.8,1,0,0.304920303141535,0.311911607522726
"gbdt",0.1,255,20,10,1,0.8,1,0,0.306288083167578,0.325315520532748
"gbdt",0.01,255,20,10,1,0.8,1,0,0.301269980962398,0.314138100166932
"gbdt",0.1,255,12,10,1,0.8,1,0,0.306491953304871,0.326793628393572
"gbdt",0.01,255,12,10,1,0.8,1,0,0.300673055697807,0.312603508699578
"gbdt",0.1,255,40,10,1,0.8,1,0,0.308815311265028,0.307626463866617
"gbdt",0.01,255,40,10,1,0.8,1,0,0.304332091023633,0.311742174985588
"gbdt",0.1,255,20,20,1,0.8,1,0,0.303965586135999,0.319816798687604
"gbdt",0.01,255,20,20,1,0.8,1,0,0.30256723724686,0.318485624066552
"gbdt",0.1,255,12,20,1,0.8,1,0,0.296281691656495,0.328108672914698
"gbdt",0.01,255,12,20,1,0.8,1,0,0.301677062699295,0.316447674182873
"gbdt",0.1,255,40,20,1,0.8,1,0,0.307447259270025,0.306603334092422
"gbdt",0.01,255,40,20,1,0.8,1,0,0.304920303131011,0.311911607522726
"gbdt",0.1,255,20,-1,0.8,0.9,1,0,0.308235963404949,0.322153296571564
"gbdt",0.01,255,20,-1,0.8,0.9,1,0,0.303272217698865,0.319812545347627
"gbdt",0.1,255,12,-1,0.8,0.9,1,0,0.303020804901874,0.319338884395649
"gbdt",0.01,255,12,-1,0.8,0.9,1,0,0.304591527138015,0.3161765867972
"gbdt",0.1,255,40,-1,0.8,0.9,1,0,0.303250445795399,0.316597482999658
"gbdt",0.01,255,40,-1,0.8,0.9,1,0,0.306345712338601,0.315258416096266
"gbdt",0.1,255,20,10,0.8,0.9,1,0,0.305628059418579,0.318719238883136
"gbdt",0.01,255,20,10,0.8,0.9,1,0,0.302686750058712,0.313908658680161
"gbdt",0.1,255,12,10,0.8,0.9,1,0,0.306300979203722,0.317496812259117
"gbdt",0.01,255,12,10,0.8,0.9,1,0,0.302656517598138,0.314049793949792
"gbdt",0.1,255,40,10,0.8,0.9,1,0,0.302262324029526,0.315071790248547
"gbdt",0.01,255,40,10,0.8,0.9,1,0,0.305730628435517,0.31543088118726
"gbdt",0.1,255,20,20,0.8,0.9,1,0,0.308235963404949,0.322153296571564
"gbdt",0.01,255,20,20,0.8,0.9,1,0,0.303275101984916,0.319812545347627
"gbdt",0.1,255,12,20,0.8,0.9,1,0,0.303020804901874,0.319338884395649
"gbdt",0.01,255,12,20,0.8,0.9,1,0,0.304603881325794,0.3161765867972
"gbdt",0.1,255,40,20,0.8,0.9,1,0,0.303250445795399,0.316597482999658
"gbdt",0.01,255,40,20,0.8,0.9,1,0,0.306288123389177,0.315258416096266
"gbdt",0.1,255,20,-1,0.9,0.9,1,0,0.302102356837557,0.322720960737994
"gbdt",0.01,255,20,-1,0.9,0.9,1,0,0.304604339665977,0.320749374552694
"gbdt",0.1,255,12,-1,0.9,0.9,1,0,0.302577271815492,0.323390530269502
"gbdt",0.01,255,12,-1,0.9,0.9,1,0,0.30243562622414,0.312693597501399
"gbdt",0.1,255,40,-1,0.9,0.9,1,0,0.303966394195758,0.328429615654768
"gbdt",0.01,255,40,-1,0.9,0.9,1,0,0.305536580185068,0.315453337185244
"gbdt",0.1,255,20,10,0.9,0.9,1,0,0.304321570212127,0.316496553941947
"gbdt",0.01,255,20,10,0.9,0.9,1,0,0.300955746234845,0.31575117024262
"gbdt",0.1,255,12,10,0.9,0.9,1,0,0.304061716225151,0.321658466323474
"gbdt",0.01,255,12,10,0.9,0.9,1,0,0.303459938694384,0.315035408514268
"gbdt",0.1,255,40,10,0.9,0.9,1,0,0.303709867027525,0.329211598914218
"gbdt",0.01,255,40,10,0.9,0.9,1,0,0.305146453454269,0.313888468730656
"gbdt",0.1,255,20,20,0.9,0.9,1,0,0.302102356837557,0.322720960737994
"gbdt",0.01,255,20,20,0.9,0.9,1,0,0.3036669447677,0.320749374552694
"gbdt",0.1,255,12,20,0.9,0.9,1,0,0.302577271815492,0.323390530269501
"gbdt",0.01,255,12,20,0.9,0.9,1,0,0.302485398198845,0.312693597501399
"gbdt",0.1,255,40,20,0.9,0.9,1,0,0.304473666469091,0.328429615654768
"gbdt",0.01,255,40,20,0.9,0.9,1,0,0.305536580897153,0.315453337185244
"gbdt",0.1,255,20,-1,1,0.9,1,0,0.304598797702131,0.323459818140838
"gbdt",0.01,255,20,-1,1,0.9,1,0,0.302488114081637,0.321089421210886
"gbdt",0.1,255,12,-1,1,0.9,1,0,0.308328407565157,0.309606435890909
"gbdt",0.01,255,12,-1,1,0.9,1,0,0.304448903396125,0.318049651450109
"gbdt",0.1,255,40,-1,1,0.9,1,0,0.302294505296341,0.306608618461083
"gbdt",0.01,255,40,-1,1,0.9,1,0,0.30449350245459,0.317883194687412
"gbdt",0.1,255,20,10,1,0.9,1,0,0.299381997608862,0.308858926406682
"gbdt",0.01,255,20,10,1,0.9,1,0,0.301734037392274,0.315093823466545
"gbdt",0.1,255,12,10,1,0.9,1,0,0.305019240906126,0.311826177260511
"gbdt",0.01,255,12,10,1,0.9,1,0,0.303529793169955,0.315798158144303
"gbdt",0.1,255,40,10,1,0.9,1,0,0.303182372400241,0.313937700061496
"gbdt",0.01,255,40,10,1,0.9,1,0,0.304266236248201,0.318038688890211
"gbdt",0.1,255,20,20,1,0.9,1,0,0.304510841203194,0.323459818140838
"gbdt",0.01,255,20,20,1,0.9,1,0,0.303015774172427,0.321089421210886
"gbdt",0.1,255,12,20,1,0.9,1,0,0.307586087466791,0.309606435890909
"gbdt",0.01,255,12,20,1,0.9,1,0,0.304354148660704,0.318049651450109
"gbdt",0.1,255,40,20,1,0.9,1,0,0.302294505296341,0.306608618461083
"gbdt",0.01,255,40,20,1,0.9,1,0,0.30449350245459,0.317883194687412
"gbdt",0.1,255,20,-1,0.8,1,1,0,0.309782307901052,0.320345422157656
"gbdt",0.01,255,20,-1,0.8,1,1,0,0.305268113708673,0.325874802381587
"gbdt",0.1,255,12,-1,0.8,1,1,0,0.307566094468628,0.323321844671339
"gbdt",0.01,255,12,-1,0.8,1,1,0,0.304157573884325,0.316353633726485
"gbdt",0.1,255,40,-1,0.8,1,1,0,0.308981249942491,0.32204084373532
"gbdt",0.01,255,40,-1,0.8,1,1,0,0.311623681342986,0.319021256547722
"gbdt",0.1,255,20,10,0.8,1,1,0,0.305630565497069,0.318675013538804
"gbdt",0.01,255,20,10,0.8,1,1,0,0.304728375762198,0.323309094749258
"gbdt",0.1,255,12,10,0.8,1,1,0,0.307625657895791,0.319259529212582
"gbdt",0.01,255,12,10,0.8,1,1,0,0.303596752011672,0.31605007305971
"gbdt",0.1,255,40,10,0.8,1,1,0,0.308676076866858,0.323540271113711
"gbdt",0.01,255,40,10,0.8,1,1,0,0.312937697747893,0.317864283572359
"gbdt",0.1,255,20,20,0.8,1,1,0,0.309782307901052,0.320345422157656
"gbdt",0.01,255,20,20,0.8,1,1,0,0.304983153206642,0.325874802381587
"gbdt",0.1,255,12,20,0.8,1,1,0,0.306915639363955,0.323321844671339
"gbdt",0.01,255,12,20,0.8,1,1,0,0.304157573884325,0.316353633726485
"gbdt",0.1,255,40,20,0.8,1,1,0,0.309273617773293,0.32204084373532
"gbdt",0.01,255,40,20,0.8,1,1,0,0.311623681342986,0.319021256547722
"gbdt",0.1,255,20,-1,0.9,1,1,0,0.307973879083511,0.327110535128677
"gbdt",0.01,255,20,-1,0.9,1,1,0,0.307268861391198,0.320196967590184
"gbdt",0.1,255,12,-1,0.9,1,1,0,0.303655774821476,0.315357947504569
"gbdt",0.01,255,12,-1,0.9,1,1,0,0.302459772996462,0.321160645780492
"gbdt",0.1,255,40,-1,0.9,1,1,0,0.3058590007401,0.319497128629758
"gbdt",0.01,255,40,-1,0.9,1,1,0,0.312084865868774,0.316270824422854
"gbdt",0.1,255,20,10,0.9,1,1,0,0.305117571193296,0.314122282015778
"gbdt",0.01,255,20,10,0.9,1,1,0,0.304742674712596,0.324765102706816
"gbdt",0.1,255,12,10,0.9,1,1,0,0.307239810484701,0.324354796643054
"gbdt",0.01,255,12,10,0.9,1,1,0,0.30183424282833,0.318484769339439
"gbdt",0.1,255,40,10,0.9,1,1,0,0.306764401831077,0.320631276198341
"gbdt",0.01,255,40,10,0.9,1,1,0,0.308719257395606,0.316631275539154
"gbdt",0.1,255,20,20,0.9,1,1,0,0.307973879083511,0.327110535128677
"gbdt",0.01,255,20,20,0.9,1,1,0,0.307371373211727,0.320196967590184
"gbdt",0.1,255,12,20,0.9,1,1,0,0.303655774821476,0.315357947504569
"gbdt",0.01,255,12,20,0.9,1,1,0,0.302590401315811,0.321160645780492
"gbdt",0.1,255,40,20,0.9,1,1,0,0.305859037601949,0.319497128629758
"gbdt",0.01,255,40,20,0.9,1,1,0,0.31208496451316,0.316270824422854
"gbdt",0.1,255,20,-1,1,1,1,0,0.31070571838535,0.316292870146029
"gbdt",0.01,255,20,-1,1,1,1,0,0.307428805900443,0.32548426398305
"gbdt",0.1,255,12,-1,1,1,1,0,0.30897494249663,0.323261081964504
"gbdt",0.01,255,12,-1,1,1,1,0,0.306345812381998,0.325664886726987
"gbdt",0.1,255,40,-1,1,1,1,0,0.308536948595099,0.319260993717554
"gbdt",0.01,255,40,-1,1,1,1,0,0.311984967651445,0.322734560795108
"gbdt",0.1,255,20,10,1,1,1,0,0.305254267833629,0.320470619475981
"gbdt",0.01,255,20,10,1,1,1,0,0.305193124063604,0.32265262446117
"gbdt",0.1,255,12,10,1,1,1,0,0.305011348424508,0.329657488010224
"gbdt",0.01,255,12,10,1,1,1,0,0.306197952287458,0.324336656197479
"gbdt",0.1,255,40,10,1,1,1,0,0.304426194273649,0.317026762651093
"gbdt",0.01,255,40,10,1,1,1,0,0.311385036568147,0.317938163042061
"gbdt",0.1,255,20,20,1,1,1,0,0.310079863268762,0.316292870146029
"gbdt",0.01,255,20,20,1,1,1,0,0.30741323389341,0.325436168262037
"gbdt",0.1,255,12,20,1,1,1,0,0.30897494249663,0.323261081964504
"gbdt",0.01,255,12,20,1,1,1,0,0.306345812381998,0.325664886726987
"gbdt",0.1,255,40,20,1,1,1,0,0.308536948595099,0.319260993717554
"gbdt",0.01,255,40,20,1,1,1,0,0.312006906589569,0.322734560795108
"gbdt",0.1,255,20,-1,0.8,0.8,5,0,0.306428076732209,0.310815358582799
"gbdt",0.01,255,20,-1,0.8,0.8,5,0,0.305968011619482,0.316773944694929
"gbdt",0.1,255,12,-1,0.8,0.8,5,0,0.307732598698485,0.314736380758337
"gbdt",0.01,255,12,-1,0.8,0.8,5,0,0.303636487540464,0.319091372444923
"gbdt",0.1,255,40,-1,0.8,0.8,5,0,0.311013135472013,0.323573214839428
"gbdt",0.01,255,40,-1,0.8,0.8,5,0,0.308184803946869,0.313694618044193
"gbdt",0.1,255,20,10,0.8,0.8,5,0,0.306019115993987,0.312812149558275
"gbdt",0.01,255,20,10,0.8,0.8,5,0,0.302857312632845,0.315350032787247
"gbdt",0.1,255,12,10,0.8,0.8,5,0,0.305943199802984,0.314544546104126
"gbdt",0.01,255,12,10,0.8,0.8,5,0,0.302612885897606,0.318988974968838
"gbdt",0.1,255,40,10,0.8,0.8,5,0,0.3104280795907,0.315917720723017
"gbdt",0.01,255,40,10,0.8,0.8,5,0,0.307274440849211,0.312707168128865
"gbdt",0.1,255,20,20,0.8,0.8,5,0,0.306428076732209,0.310815358582799
"gbdt",0.01,255,20,20,0.8,0.8,5,0,0.305968011619482,0.316773944694929
"gbdt",0.1,255,12,20,0.8,0.8,5,0,0.307630167637368,0.314736380758337
"gbdt",0.01,255,12,20,0.8,0.8,5,0,0.303636487540464,0.319091372444923
"gbdt",0.1,255,40,20,0.8,0.8,5,0,0.311013135472013,0.323573214839428
"gbdt",0.01,255,40,20,0.8,0.8,5,0,0.308184803946869,0.313694618044193
"gbdt",0.1,255,20,-1,0.9,0.8,5,0,0.308616642776766,0.313714724615193
"gbdt",0.01,255,20,-1,0.9,0.8,5,0,0.30518961017537,0.316461538168625
"gbdt",0.1,255,12,-1,0.9,0.8,5,0,0.310649168082385,0.325597461919923
"gbdt",0.01,255,12,-1,0.9,0.8,5,0,0.303735545383697,0.323888110914894
"gbdt",0.1,255,40,-1,0.9,0.8,5,0,0.304858500080048,0.315477511802877
"gbdt",0.01,255,40,-1,0.9,0.8,5,0,0.306564994789758,0.315604342399432
"gbdt",0.1,255,20,10,0.9,0.8,5,0,0.305221981525361,0.318875239919083
"gbdt",0.01,255,20,10,0.9,0.8,5,0,0.302467807765397,0.314347605604822
"gbdt",0.1,255,12,10,0.9,0.8,5,0,0.308318313969136,0.322788324280982
"gbdt",0.01,255,12,10,0.9,0.8,5,0,0.301447433850267,0.3201046233967
"gbdt",0.1,255,40,10,0.9,0.8,5,0,0.312016003260976,0.317204355907021
"gbdt",0.01,255,40,10,0.9,0.8,5,0,0.308132055406455,0.315579420128578
"gbdt",0.1,255,20,20,0.9,0.8,5,0,0.308616642776766,0.313714724615193
"gbdt",0.01,255,20,20,0.9,0.8,5,0,0.30518961017537,0.316461538168625
"gbdt",0.1,255,12,20,0.9,0.8,5,0,0.310649168082385,0.325597461919923
"gbdt",0.01,255,12,20,0.9,0.8,5,0,0.303735545383697,0.323888110914894
"gbdt",0.1,255,40,20,0.9,0.8,5,0,0.304858500080048,0.315477511802877
"gbdt",0.01,255,40,20,0.9,0.8,5,0,0.306564994789758,0.315604342399432
"gbdt",0.1,255,20,-1,1,0.8,5,0,0.306952102557717,0.325421871911299
"gbdt",0.01,255,20,-1,1,0.8,5,0,0.306174384906337,0.31654791592921
"gbdt",0.1,255,12,-1,1,0.8,5,0,0.31136730578066,0.310955198316859
"gbdt",0.01,255,12,-1,1,0.8,5,0,0.30506111297932,0.322938798464016
"gbdt",0.1,255,40,-1,1,0.8,5,0,0.304740976342427,0.31687066849426
"gbdt",0.01,255,40,-1,1,0.8,5,0,0.310484437461528,0.314351700073883
"gbdt",0.1,255,20,10,1,0.8,5,0,0.306390571361889,0.315843510513175
"gbdt",0.01,255,20,10,1,0.8,5,0,0.306901888760238,0.31248198796475
"gbdt",0.1,255,12,10,1,0.8,5,0,0.308253227140667,0.30489605085378
"gbdt",0.01,255,12,10,1,0.8,5,0,0.30355687829537,0.311904744800132
"gbdt",0.1,255,40,10,1,0.8,5,0,0.30238238259126,0.310533350437231
"gbdt",0.01,255,40,10,1,0.8,5,0,0.309745297366985,0.313885511187898
"gbdt",0.1,255,20,20,1,0.8,5,0,0.306952102557717,0.325421871911299
"gbdt",0.01,255,20,20,1,0.8,5,0,0.306174384906337,0.31654791592921
"gbdt",0.1,255,12,20,1,0.8,5,0,0.31110957164043,0.310955198316859
"gbdt",0.01,255,12,20,1,0.8,5,0,0.304959235136653,0.322938798464016
"gbdt",0.1,255,40,20,1,0.8,5,0,0.304740976342427,0.31687066849426
"gbdt",0.01,255,40,20,1,0.8,5,0,0.310484437461528,0.314351700073883
"gbdt",0.1,255,20,-1,0.8,0.9,5,0,0.307911924615196,0.321043477520863
"gbdt",0.01,255,20,-1,0.8,0.9,5,0,0.304394556569555,0.323797951545708
"gbdt",0.1,255,12,-1,0.8,0.9,5,0,0.308118840138538,0.327234358007005
"gbdt",0.01,255,12,-1,0.8,0.9,5,0,0.30271478542826,0.315701341044505
"gbdt",0.1,255,40,-1,0.8,0.9,5,0,0.309180266669298,0.323315318499452
"gbdt",0.01,255,40,-1,0.8,0.9,5,0,0.308288905240411,0.316732699571662
"gbdt",0.1,255,20,10,0.8,0.9,5,0,0.305319285595919,0.319975212618786
"gbdt",0.01,255,20,10,0.8,0.9,5,0,0.302788658781933,0.320287960143259
"gbdt",0.1,255,12,10,0.8,0.9,5,0,0.302382156525883,0.316684262877563
"gbdt",0.01,255,12,10,0.8,0.9,5,0,0.300783462931237,0.31437738551963
"gbdt",0.1,255,40,10,0.8,0.9,5,0,0.307346073449355,0.317589364056157
"gbdt",0.01,255,40,10,0.8,0.9,5,0,0.310707298668967,0.317256002601262
"gbdt",0.1,255,20,20,0.8,0.9,5,0,0.307911924615196,0.321043477520863
"gbdt",0.01,255,20,20,0.8,0.9,5,0,0.305365269568809,0.323797951545709
"gbdt",0.1,255,12,20,0.8,0.9,5,0,0.308126189919369,0.327234358007005
"gbdt",0.01,255,12,20,0.8,0.9,5,0,0.302696370993644,0.315701341044505
"gbdt",0.1,255,40,20,0.8,0.9,5,0,0.309180266669298,0.323315318499452
"gbdt",0.01,255,40,20,0.8,0.9,5,0,0.308290144768846,0.316732699571662
"gbdt",0.1,255,20,-1,0.9,0.9,5,0,0.302269965904602,0.319281371945992
"gbdt",0.01,255,20,-1,0.9,0.9,5,0,0.303484065752346,0.321921529692283
"gbdt",0.1,255,12,-1,0.9,0.9,5,0,0.302516862574546,0.313862435799762
"gbdt",0.01,255,12,-1,0.9,0.9,5,0,0.300372874914505,0.313144983979396
"gbdt",0.1,255,40,-1,0.9,0.9,5,0,0.307234209970834,0.315161842878914
"gbdt",0.01,255,40,-1,0.9,0.9,5,0,0.309579859405524,0.315162836660546
"gbdt",0.1,255,20,10,0.9,0.9,5,0,0.300501233358139,0.320492472671859
"gbdt",0.01,255,20,10,0.9,0.9,5,0,0.304200535783016,0.321852370097912
"gbdt",0.1,255,12,10,0.9,0.9,5,0,0.3008861656848,0.313776220111733
"gbdt",0.01,255,12,10,0.9,0.9,5,0,0.30103293481075,0.310918845975855
"gbdt",0.1,255,40,10,0.9,0.9,5,0,0.308115070034628,0.312135885980232
"gbdt",0.01,255,40,10,0.9,0.9,5,0,0.311714222859584,0.315745751268827
"gbdt",0.1,255,20,20,0.9,0.9,5,0,0.302269965904602,0.319281371945992
"gbdt",0.01,255,20,20,0.9,0.9,5,0,0.303484065752347,0.321921529692283
"gbdt",0.1,255,12,20,0.9,0.9,5,0,0.302516862574546,0.313862435799762
"gbdt",0.01,255,12,20,0.9,0.9,5,0,0.300372874914505,0.313144983979396
"gbdt",0.1,255,40,20,0.9,0.9,5,0,0.30723420627393,0.315161842878914
"gbdt",0.01,255,40,20,0.9,0.9,5,0,0.309579859405524,0.315162836660546
"gbdt",0.1,255,20,-1,1,0.9,5,0,0.308205081274383,0.317070279343058
"gbdt",0.01,255,20,-1,1,0.9,5,0,0.30369827138328,0.324379989438235
"gbdt",0.1,255,12,-1,1,0.9,5,0,0.300629854527088,0.325117721182187
"gbdt",0.01,255,12,-1,1,0.9,5,0,0.303290014805565,0.309384693541929
"gbdt",0.1,255,40,-1,1,0.9,5,0,0.30854929515106,0.308325210676882
"gbdt",0.01,255,40,-1,1,0.9,5,0,0.310297603099322,0.313029454215557
"gbdt",0.1,255,20,10,1,0.9,5,0,0.304986254806785,0.307202488414884
"gbdt",0.01,255,20,10,1,0.9,5,0,0.303590829479385,0.316965933149376
"gbdt",0.1,255,12,10,1,0.9,5,0,0.304840284219499,0.321501441251959
"gbdt",0.01,255,12,10,1,0.9,5,0,0.299875733401988,0.312676123202809
"gbdt",0.1,255,40,10,1,0.9,5,0,0.30692475479372,0.316836212066892
"gbdt",0.01,255,40,10,1,0.9,5,0,0.310770341516995,0.315220168652246
"gbdt",0.1,255,20,20,1,0.9,5,0,0.308870328064489,0.317070279343058
"gbdt",0.01,255,20,20,1,0.9,5,0,0.303959129463629,0.324379989438235
"gbdt",0.1,255,12,20,1,0.9,5,0,0.300629854527088,0.325117721182187
"gbdt",0.01,255,12,20,1,0.9,5,0,0.303315814193549,0.309384693541929
"gbdt",0.1,255,40,20,1,0.9,5,0,0.30854929515106,0.308325210676882
"gbdt",0.01,255,40,20,1,0.9,5,0,0.310297603099322,0.313029454215557
"gbdt",0.1,255,20,-1,0.8,1,5,0,0.309782307901052,0.320345422157656
"gbdt",0.01,255,20,-1,0.8,1,5,0,0.305268113708673,0.325874802381587
"gbdt",0.1,255,12,-1,0.8,1,5,0,0.307566094468628,0.323321844671339
"gbdt",0.01,255,12,-1,0.8,1,5,0,0.304157573884325,0.316353633726485
"gbdt",0.1,255,40,-1,0.8,1,5,0,0.308981249942491,0.32204084373532
"gbdt",0.01,255,40,-1,0.8,1,5,0,0.311623681342986,0.319021256547722
"gbdt",0.1,255,20,10,0.8,1,5,0,0.305630565497069,0.318675013538804
"gbdt",0.01,255,20,10,0.8,1,5,0,0.304728375762198,0.323309094749258
"gbdt",0.1,255,12,10,0.8,1,5,0,0.307625657895791,0.319259529212582
"gbdt",0.01,255,12,10,0.8,1,5,0,0.303596752011672,0.316050073059709
"gbdt",0.1,255,40,10,0.8,1,5,0,0.308676076866858,0.323540271113711
"gbdt",0.01,255,40,10,0.8,1,5,0,0.312937697747893,0.317864283572359
"gbdt",0.1,255,20,20,0.8,1,5,0,0.309782307901052,0.320345422157656
"gbdt",0.01,255,20,20,0.8,1,5,0,0.304983153206642,0.325874802381587
"gbdt",0.1,255,12,20,0.8,1,5,0,0.306915639363955,0.323321844671339
"gbdt",0.01,255,12,20,0.8,1,5,0,0.304157573884325,0.316353633726485
"gbdt",0.1,255,40,20,0.8,1,5,0,0.309273617773293,0.32204084373532
"gbdt",0.01,255,40,20,0.8,1,5,0,0.311623681342986,0.319021256547722
"gbdt",0.1,255,20,-1,0.9,1,5,0,0.307973879083511,0.327110535128677
"gbdt",0.01,255,20,-1,0.9,1,5,0,0.307268861391198,0.320196967590184
"gbdt",0.1,255,12,-1,0.9,1,5,0,0.303655774821476,0.315357947504569
"gbdt",0.01,255,12,-1,0.9,1,5,0,0.302459772996462,0.321160645780492
"gbdt",0.1,255,40,-1,0.9,1,5,0,0.3058590007401,0.319497128629758
"gbdt",0.01,255,40,-1,0.9,1,5,0,0.312084865868774,0.316270824422854
"gbdt",0.1,255,20,10,0.9,1,5,0,0.305117571193296,0.314122282015778
"gbdt",0.01,255,20,10,0.9,1,5,0,0.304742674712596,0.324765102706816
"gbdt",0.1,255,12,10,0.9,1,5,0,0.307239810484701,0.324354796643054
"gbdt",0.01,255,12,10,0.9,1,5,0,0.30183424282833,0.318484769339439
"gbdt",0.1,255,40,10,0.9,1,5,0,0.306764401831077,0.320631276198341
"gbdt",0.01,255,40,10,0.9,1,5,0,0.308719257395606,0.316631275539154
"gbdt",0.1,255,20,20,0.9,1,5,0,0.307973879083511,0.327110535128677
"gbdt",0.01,255,20,20,0.9,1,5,0,0.307371373211727,0.320196967590184
"gbdt",0.1,255,12,20,0.9,1,5,0,0.303655774821476,0.315357947504569
"gbdt",0.01,255,12,20,0.9,1,5,0,0.302590401315811,0.321160645780492
"gbdt",0.1,255,40,20,0.9,1,5,0,0.305859037601949,0.319497128629758
"gbdt",0.01,255,40,20,0.9,1,5,0,0.31208496451316,0.316270824422854
"gbdt",0.1,255,20,-1,1,1,5,0,0.31070571838535,0.316292870146029
"gbdt",0.01,255,20,-1,1,1,5,0,0.307428805900443,0.32548426398305
"gbdt",0.1,255,12,-1,1,1,5,0,0.30897494249663,0.323261081964504
"gbdt",0.01,255,12,-1,1,1,5,0,0.306345812381998,0.325664886726987
"gbdt",0.1,255,40,-1,1,1,5,0,0.308536948595099,0.319260993717554
"gbdt",0.01,255,40,-1,1,1,5,0,0.311984967651445,0.322734560795108
"gbdt",0.1,255,20,10,1,1,5,0,0.305254267833629,0.320470619475981
"gbdt",0.01,255,20,10,1,1,5,0,0.305193124063604,0.32265262446117
"gbdt",0.1,255,12,10,1,1,5,0,0.305011348424508,0.329657488010224
"gbdt",0.01,255,12,10,1,1,5,0,0.306197952287458,0.324336656197479
"gbdt",0.1,255,40,10,1,1,5,0,0.304426194273649,0.317026762651093
"gbdt",0.01,255,40,10,1,1,5,0,0.311385036568147,0.317938163042061
"gbdt",0.1,255,20,20,1,1,5,0,0.310079863268762,0.316292870146029
"gbdt",0.01,255,20,20,1,1,5,0,0.30741323389341,0.325436168262037
"gbdt",0.1,255,12,20,1,1,5,0,0.30897494249663,0.323261081964504
"gbdt",0.01,255,12,20,1,1,5,0,0.306345812381998,0.325664886726987
"gbdt",0.1,255,40,20,1,1,5,0,0.308536948595099,0.319260993717554
"gbdt",0.01,255,40,20,1,1,5,0,0.312006906589569,0.322734560795108
"gbdt",0.1,255,20,-1,0.8,0.8,10,0,0.308779220715085,0.320603130363818
"gbdt",0.01,255,20,-1,0.8,0.8,10,0,0.307457889693978,0.316361500059813
"gbdt",0.1,255,12,-1,0.8,0.8,10,0,0.306578575380904,0.308319747536798
"gbdt",0.01,255,12,-1,0.8,0.8,10,0,0.300372183615799,0.323320785816075
"gbdt",0.1,255,40,-1,0.8,0.8,10,0,0.312945769910535,0.301779755616696
"gbdt",0.01,255,40,-1,0.8,0.8,10,0,0.308626105944885,0.315792988096973
"gbdt",0.1,255,20,10,0.8,0.8,10,0,0.304188208684079,0.312065249050753
"gbdt",0.01,255,20,10,0.8,0.8,10,0,0.305903972884492,0.314200594215549
"gbdt",0.1,255,12,10,0.8,0.8,10,0,0.306273272366029,0.30303381101998
"gbdt",0.01,255,12,10,0.8,0.8,10,0,0.30265088109916,0.321327119414393
"gbdt",0.1,255,40,10,0.8,0.8,10,0,0.308668150087512,0.308475825972958
"gbdt",0.01,255,40,10,0.8,0.8,10,0,0.308017139879737,0.319036898950769
"gbdt",0.1,255,20,20,0.8,0.8,10,0,0.308779220715085,0.320603130363818
"gbdt",0.01,255,20,20,0.8,0.8,10,0,0.307457889693978,0.316361500059813
"gbdt",0.1,255,12,20,0.8,0.8,10,0,0.306578575380904,0.308319747536798
"gbdt",0.01,255,12,20,0.8,0.8,10,0,0.300388384309653,0.323320785816075
"gbdt",0.1,255,40,20,0.8,0.8,10,0,0.312945769910535,0.301779755616696
"gbdt",0.01,255,40,20,0.8,0.8,10,0,0.308626105944885,0.315792988096973
"gbdt",0.1,255,20,-1,0.9,0.8,10,0,0.314222328056496,0.319801404058337
"gbdt",0.01,255,20,-1,0.9,0.8,10,0,0.306977524392584,0.309476954040453
"gbdt",0.1,255,12,-1,0.9,0.8,10,0,0.309772606364924,0.299360490334097
"gbdt",0.01,255,12,-1,0.9,0.8,10,0,0.298013348758328,0.319004356978257
"gbdt",0.1,255,40,-1,0.9,0.8,10,0,0.310488341647446,0.315013256803613
"gbdt",0.01,255,40,-1,0.9,0.8,10,0,0.309632906488922,0.313957483000101
"gbdt",0.1,255,20,10,0.9,0.8,10,0,0.311805583785951,0.321875255615903
"gbdt",0.01,255,20,10,0.9,0.8,10,0,0.306889753168775,0.312614331960835
"gbdt",0.1,255,12,10,0.9,0.8,10,0,0.307232265080328,0.319972814132926
"gbdt",0.01,255,12,10,0.9,0.8,10,0,0.296602290366895,0.322454504642114
"gbdt",0.1,255,40,10,0.9,0.8,10,0,0.306762207968485,0.316850719876831
"gbdt",0.01,255,40,10,0.9,0.8,10,0,0.309713908923361,0.312182182486671
"gbdt",0.1,255,20,20,0.9,0.8,10,0,0.314222328056496,0.319801404058337
"gbdt",0.01,255,20,20,0.9,0.8,10,0,0.306977524392584,0.309476954040453
"gbdt",0.1,255,12,20,0.9,0.8,10,0,0.310481907887483,0.299360490334097
"gbdt",0.01,255,12,20,0.9,0.8,10,0,0.297872702343838,0.319004356978257
"gbdt",0.1,255,40,20,0.9,0.8,10,0,0.310488341647446,0.315013256803613
"gbdt",0.01,255,40,20,0.9,0.8,10,0,0.309632906488922,0.313957483000101
"gbdt",0.1,255,20,-1,1,0.8,10,0,0.31855268207235,0.319849750178115
"gbdt",0.01,255,20,-1,1,0.8,10,0,0.310563813602192,0.311278441595622
"gbdt",0.1,255,12,-1,1,0.8,10,0,0.318167137233213,0.319460847713753
"gbdt",0.01,255,12,-1,1,0.8,10,0,0.302147345324129,0.321726850986848
"gbdt",0.1,255,40,-1,1,0.8,10,0,0.315330989199793,0.31337451832256
"gbdt",0.01,255,40,-1,1,0.8,10,0,0.309494612411302,0.309232298294908
"gbdt",0.1,255,20,10,1,0.8,10,0,0.316684211498629,0.306787246920718
"gbdt",0.01,255,20,10,1,0.8,10,0,0.306747041635384,0.305868296555783
"gbdt",0.1,255,12,10,1,0.8,10,0,0.310682447047286,0.31347178190643
"gbdt",0.01,255,12,10,1,0.8,10,0,0.305432040835402,0.320049957333415
"gbdt",0.1,255,40,10,1,0.8,10,0,0.321707366696491,0.314350910816338
"gbdt",0.01,255,40,10,1,0.8,10,0,0.315990111672269,0.311225088224747
"gbdt",0.1,255,20,20,1,0.8,10,0,0.31855268207235,0.319849750178115
"gbdt",0.01,255,20,20,1,0.8,10,0,0.310563813602192,0.311278441595622
"gbdt",0.1,255,12,20,1,0.8,10,0,0.317418280367816,0.319460847713752
"gbdt",0.01,255,12,20,1,0.8,10,0,0.302147345324129,0.321726850986848
"gbdt",0.1,255,40,20,1,0.8,10,0,0.315330989199793,0.31337451832256
"gbdt",0.01,255,40,20,1,0.8,10,0,0.309494612411302,0.309232298294908
"gbdt",0.1,255,20,-1,0.8,0.9,10,0,0.311523460881227,0.32563146905452
"gbdt",0.01,255,20,-1,0.8,0.9,10,0,0.304469268047746,0.322696735784455
"gbdt",0.1,255,12,-1,0.8,0.9,10,0,0.317389104418102,0.313367630513655
"gbdt",0.01,255,12,-1,0.8,0.9,10,0,0.303972421910748,0.318165284806547
"gbdt",0.1,255,40,-1,0.8,0.9,10,0,0.309818228814934,0.321025230034966
"gbdt",0.01,255,40,-1,0.8,0.9,10,0,0.308286485376128,0.313730072069653
"gbdt",0.1,255,20,10,0.8,0.9,10,0,0.310277496037042,0.312835509046181
"gbdt",0.01,255,20,10,0.8,0.9,10,0,0.302427561185134,0.320382262948254
"gbdt",0.1,255,12,10,0.8,0.9,10,0,0.312481741188304,0.322905338506926
"gbdt",0.01,255,12,10,0.8,0.9,10,0,0.303890819493779,0.318702428994939
"gbdt",0.1,255,40,10,0.8,0.9,10,0,0.309131882190393,0.324679870529483
"gbdt",0.01,255,40,10,0.8,0.9,10,0,0.307810102167589,0.316857868099667
"gbdt",0.1,255,20,20,0.8,0.9,10,0,0.311523460881227,0.32563146905452
"gbdt",0.01,255,20,20,0.8,0.9,10,0,0.305538497294631,0.322696735784455
"gbdt",0.1,255,12,20,0.8,0.9,10,0,0.317389104418102,0.313367630513655
"gbdt",0.01,255,12,20,0.8,0.9,10,0,0.304301992485514,0.318165284806547
"gbdt",0.1,255,40,20,0.8,0.9,10,0,0.309818228814934,0.321025230034966
"gbdt",0.01,255,40,20,0.8,0.9,10,0,0.308286485376128,0.313730072069653
"gbdt",0.1,255,20,-1,0.9,0.9,10,0,0.309022646792181,0.332095424121716
"gbdt",0.01,255,20,-1,0.9,0.9,10,0,0.304498866726974,0.320436317019309
"gbdt",0.1,255,12,-1,0.9,0.9,10,0,0.312687809159766,0.318721339789777
"gbdt",0.01,255,12,-1,0.9,0.9,10,0,0.302854872822887,0.319714309516388
"gbdt",0.1,255,40,-1,0.9,0.9,10,0,0.312695157011915,0.326883510303685
"gbdt",0.01,255,40,-1,0.9,0.9,10,0,0.30963582501263,0.310058095066124
"gbdt",0.1,255,20,10,0.9,0.9,10,0,0.309833498251782,0.321006890059037
"gbdt",0.01,255,20,10,0.9,0.9,10,0,0.304188595778224,0.316271482169607
"gbdt",0.1,255,12,10,0.9,0.9,10,0,0.30620203766377,0.305378446697097
"gbdt",0.01,255,12,10,0.9,0.9,10,0,0.304293170614107,0.323026342368621
"gbdt",0.1,255,40,10,0.9,0.9,10,0,0.310299015189383,0.31423616919228
"gbdt",0.01,255,40,10,0.9,0.9,10,0,0.306446338762908,0.312487000408813
"gbdt",0.1,255,20,20,0.9,0.9,10,0,0.308897920527341,0.332095424121716
"gbdt",0.01,255,20,20,0.9,0.9,10,0,0.303917602926435,0.320436317019309
"gbdt",0.1,255,12,20,0.9,0.9,10,0,0.312687809159766,0.318721339789777
"gbdt",0.01,255,12,20,0.9,0.9,10,0,0.302854872822887,0.319714309516388
"gbdt",0.1,255,40,20,0.9,0.9,10,0,0.312695157011915,0.326883510303685
"gbdt",0.01,255,40,20,0.9,0.9,10,0,0.30963582501263,0.310058095066124
"gbdt",0.1,255,20,-1,1,0.9,10,0,0.308169184472158,0.328446861543405
"gbdt",0.01,255,20,-1,1,0.9,10,0,0.304541767750523,0.323783559105808
"gbdt",0.1,255,12,-1,1,0.9,10,0,0.305349716610413,0.326049368130255
"gbdt",0.01,255,12,-1,1,0.9,10,0,0.30270586887102,0.315242124075744
"gbdt",0.1,255,40,-1,1,0.9,10,0,0.310867082887782,0.31426206472259
"gbdt",0.01,255,40,-1,1,0.9,10,0,0.314418948968666,0.319669105354956
"gbdt",0.1,255,20,10,1,0.9,10,0,0.311117751597361,0.33163238029027
"gbdt",0.01,255,20,10,1,0.9,10,0,0.301789319034087,0.315071163952531
"gbdt",0.1,255,12,10,1,0.9,10,0,0.307100916287541,0.324155636838319
"gbdt",0.01,255,12,10,1,0.9,10,0,0.304818693243588,0.322806015652417
"gbdt",0.1,255,40,10,1,0.9,10,0,0.31068899591918,0.317231595065195
"gbdt",0.01,255,40,10,1,0.9,10,0,0.314195663907203,0.32109996145751
"gbdt",0.1,255,20,20,1,0.9,10,0,0.308169184472158,0.328446861543405
"gbdt",0.01,255,20,20,1,0.9,10,0,0.305368157587944,0.323783559105808
"gbdt",0.1,255,12,20,1,0.9,10,0,0.305349716610413,0.326049368130255
"gbdt",0.01,255,12,20,1,0.9,10,0,0.30270586887102,0.315242124075744
"gbdt",0.1,255,40,20,1,0.9,10,0,0.310867082887782,0.31426206472259
"gbdt",0.01,255,40,20,1,0.9,10,0,0.314418948968666,0.319669105354956
"gbdt",0.1,255,20,-1,0.8,1,10,0,0.309782307901052,0.320345422157656
"gbdt",0.01,255,20,-1,0.8,1,10,0,0.305268113708673,0.325874802381587
"gbdt",0.1,255,12,-1,0.8,1,10,0,0.307566094468628,0.323321844671339
"gbdt",0.01,255,12,-1,0.8,1,10,0,0.304157573884325,0.316353633726485
"gbdt",0.1,255,40,-1,0.8,1,10,0,0.308981249942491,0.32204084373532
"gbdt",0.01,255,40,-1,0.8,1,10,0,0.311623681342986,0.319021256547722
"gbdt",0.1,255,20,10,0.8,1,10,0,0.305630565497069,0.318675013538804
"gbdt",0.01,255,20,10,0.8,1,10,0,0.304728375762198,0.323309094749258
"gbdt",0.1,255,12,10,0.8,1,10,0,0.307625657895791,0.319259529212582
"gbdt",0.01,255,12,10,0.8,1,10,0,0.303596752011672,0.31605007305971
"gbdt",0.1,255,40,10,0.8,1,10,0,0.308676076866858,0.323540271113711
"gbdt",0.01,255,40,10,0.8,1,10,0,0.312937697747893,0.317864283572359
"gbdt",0.1,255,20,20,0.8,1,10,0,0.309782307901052,0.320345422157656
"gbdt",0.01,255,20,20,0.8,1,10,0,0.304983153206642,0.325874802381587
"gbdt",0.1,255,12,20,0.8,1,10,0,0.306915639363955,0.323321844671339
"gbdt",0.01,255,12,20,0.8,1,10,0,0.304157573884325,0.316353633726485
"gbdt",0.1,255,40,20,0.8,1,10,0,0.309273617773293,0.32204084373532
"gbdt",0.01,255,40,20,0.8,1,10,0,0.311623681342986,0.319021256547723
"gbdt",0.1,255,20,-1,0.9,1,10,0,0.307973879083511,0.327110535128677
"gbdt",0.01,255,20,-1,0.9,1,10,0,0.307268861391198,0.320196967590184
"gbdt",0.1,255,12,-1,0.9,1,10,0,0.303655774821476,0.315357947504569
"gbdt",0.01,255,12,-1,0.9,1,10,0,0.302459772996462,0.321160645780492
"gbdt",0.1,255,40,-1,0.9,1,10,0,0.3058590007401,0.319497128629758
"gbdt",0.01,255,40,-1,0.9,1,10,0,0.312084865868774,0.316270824422854
"gbdt",0.1,255,20,10,0.9,1,10,0,0.305117571193296,0.314122282015778
"gbdt",0.01,255,20,10,0.9,1,10,0,0.304742674712596,0.324765102706816
"gbdt",0.1,255,12,10,0.9,1,10,0,0.307239810484701,0.324354796643054
"gbdt",0.01,255,12,10,0.9,1,10,0,0.30183424282833,0.318484769339439
"gbdt",0.1,255,40,10,0.9,1,10,0,0.306764401831077,0.320631276198341
"gbdt",0.01,255,40,10,0.9,1,10,0,0.308719257395606,0.316631275539154
"gbdt",0.1,255,20,20,0.9,1,10,0,0.307973879083511,0.327110535128677
"gbdt",0.01,255,20,20,0.9,1,10,0,0.307371373211727,0.320196967590184
"gbdt",0.1,255,12,20,0.9,1,10,0,0.303655774821476,0.315357947504569
"gbdt",0.01,255,12,20,0.9,1,10,0,0.302590401315811,0.321160645780492
"gbdt",0.1,255,40,20,0.9,1,10,0,0.305859037601949,0.319497128629758
"gbdt",0.01,255,40,20,0.9,1,10,0,0.31208496451316,0.316270824422854
"gbdt",0.1,255,20,-1,1,1,10,0,0.31070571838535,0.316292870146029
"gbdt",0.01,255,20,-1,1,1,10,0,0.307428805900443,0.32548426398305
"gbdt",0.1,255,12,-1,1,1,10,0,0.30897494249663,0.323261081964504
"gbdt",0.01,255,12,-1,1,1,10,0,0.306345812381998,0.325664886726987
"gbdt",0.1,255,40,-1,1,1,10,0,0.308536948595099,0.319260993717554
"gbdt",0.01,255,40,-1,1,1,10,0,0.311984967651445,0.322734560795108
"gbdt",0.1,255,20,10,1,1,10,0,0.305254267833629,0.320470619475981
"gbdt",0.01,255,20,10,1,1,10,0,0.305193124063604,0.32265262446117
"gbdt",0.1,255,12,10,1,1,10,0,0.305011348424508,0.329657488010224
"gbdt",0.01,255,12,10,1,1,10,0,0.306197952287458,0.324336656197479
"gbdt",0.1,255,40,10,1,1,10,0,0.304426194273649,0.317026762651093
"gbdt",0.01,255,40,10,1,1,10,0,0.311385036568147,0.317938163042061
"gbdt",0.1,255,20,20,1,1,10,0,0.310079863268762,0.316292870146029
"gbdt",0.01,255,20,20,1,1,10,0,0.30741323389341,0.325436168262037
"gbdt",0.1,255,12,20,1,1,10,0,0.30897494249663,0.323261081964504
"gbdt",0.01,255,12,20,1,1,10,0,0.306345812381998,0.325664886726987
"gbdt",0.1,255,40,20,1,1,10,0,0.308536948595099,0.319260993717554
"gbdt",0.01,255,40,20,1,1,10,0,0.312006906589569,0.322734560795108
"gbdt",0.1,255,20,-1,0.8,0.8,1,0.1,0.305659447534887,0.323622664129027
"gbdt",0.01,255,20,-1,0.8,0.8,1,0.1,0.304067058967313,0.317302720395264
"gbdt",0.1,255,12,-1,0.8,0.8,1,0.1,0.308624844475275,0.32345765437972
"gbdt",0.01,255,12,-1,0.8,0.8,1,0.1,0.301337656266002,0.313136382371551
"gbdt",0.1,255,40,-1,0.8,0.8,1,0.1,0.307844823075364,0.321069415620173
"gbdt",0.01,255,40,-1,0.8,0.8,1,0.1,0.30406749321008,0.314234432979946
"gbdt",0.1,255,20,10,0.8,0.8,1,0.1,0.303347421778302,0.310216418074587
"gbdt",0.01,255,20,10,0.8,0.8,1,0.1,0.300499390025952,0.316201849155047
"gbdt",0.1,255,12,10,0.8,0.8,1,0.1,0.303915670533194,0.319271224864487
"gbdt",0.01,255,12,10,0.8,0.8,1,0.1,0.301217151419349,0.311773213303528
"gbdt",0.1,255,40,10,0.8,0.8,1,0.1,0.307174970262139,0.320556339804032
"gbdt",0.01,255,40,10,0.8,0.8,1,0.1,0.304569744421756,0.315868301893524
"gbdt",0.1,255,20,20,0.8,0.8,1,0.1,0.305659447534887,0.323622664129027
"gbdt",0.01,255,20,20,0.8,0.8,1,0.1,0.304067058967313,0.317302720395264
"gbdt",0.1,255,12,20,0.8,0.8,1,0.1,0.308624844475274,0.32345765437972
"gbdt",0.01,255,12,20,0.8,0.8,1,0.1,0.300799415805913,0.313136382371551
"gbdt",0.1,255,40,20,0.8,0.8,1,0.1,0.307844823075364,0.321069415620173
"gbdt",0.01,255,40,20,0.8,0.8,1,0.1,0.30406749321008,0.314234432979946
"gbdt",0.1,255,20,-1,0.9,0.8,1,0.1,0.303058760335241,0.316663514092772
"gbdt",0.01,255,20,-1,0.9,0.8,1,0.1,0.303399786258231,0.315312558948954
"gbdt",0.1,255,12,-1,0.9,0.8,1,0.1,0.309066365504738,0.317802349310865
"gbdt",0.01,255,12,-1,0.9,0.8,1,0.1,0.301798434160048,0.314914134419939
"gbdt",0.1,255,40,-1,0.9,0.8,1,0.1,0.308425792514448,0.31585925295397
"gbdt",0.01,255,40,-1,0.9,0.8,1,0.1,0.305341590187706,0.31463394616373
"gbdt",0.1,255,20,10,0.9,0.8,1,0.1,0.306610123214405,0.312147555470031
"gbdt",0.01,255,20,10,0.9,0.8,1,0.1,0.301570587646544,0.313541901551753
"gbdt",0.1,255,12,10,0.9,0.8,1,0.1,0.302897725106103,0.325784444254964
"gbdt",0.01,255,12,10,0.9,0.8,1,0.1,0.299921807411219,0.315920533717601
"gbdt",0.1,255,40,10,0.9,0.8,1,0.1,0.306710524153751,0.315103667669781
"gbdt",0.01,255,40,10,0.9,0.8,1,0.1,0.304711162723093,0.31699126182296
"gbdt",0.1,255,20,20,0.9,0.8,1,0.1,0.30305876033524,0.316663514092772
"gbdt",0.01,255,20,20,0.9,0.8,1,0.1,0.303506363219142,0.316268392600006
"gbdt",0.1,255,12,20,0.9,0.8,1,0.1,0.309066365504738,0.317802349310866
"gbdt",0.01,255,12,20,0.9,0.8,1,0.1,0.30162187543191,0.314914134419939
"gbdt",0.1,255,40,20,0.9,0.8,1,0.1,0.308425792514448,0.315859252953971
"gbdt",0.01,255,40,20,0.9,0.8,1,0.1,0.305341590187706,0.31463394616373
"gbdt",0.1,255,20,-1,1,0.8,1,0.1,0.303948829491107,0.315515400158721
"gbdt",0.01,255,20,-1,1,0.8,1,0.1,0.303634443673507,0.315331140981173
"gbdt",0.1,255,12,-1,1,0.8,1,0.1,0.297569524463607,0.317683310012113
"gbdt",0.01,255,12,-1,1,0.8,1,0.1,0.303170249729245,0.315864864998677
"gbdt",0.1,255,40,-1,1,0.8,1,0.1,0.306263104791743,0.301808511986857
"gbdt",0.01,255,40,-1,1,0.8,1,0.1,0.303892094857361,0.308165362318148
"gbdt",0.1,255,20,10,1,0.8,1,0.1,0.307272520773368,0.310281221131275
"gbdt",0.01,255,20,10,1,0.8,1,0.1,0.300581520612676,0.311662827870046
"gbdt",0.1,255,12,10,1,0.8,1,0.1,0.300941826979875,0.319005269622427
"gbdt",0.01,255,12,10,1,0.8,1,0.1,0.30017147242499,0.311929745138238
"gbdt",0.1,255,40,10,1,0.8,1,0.1,0.307797319631754,0.307441781182638
"gbdt",0.01,255,40,10,1,0.8,1,0.1,0.305516944673748,0.310566205938641
"gbdt",0.1,255,20,20,1,0.8,1,0.1,0.303948829491107,0.315515400158721
"gbdt",0.01,255,20,20,1,0.8,1,0.1,0.303634443673507,0.31539043857134
"gbdt",0.1,255,12,20,1,0.8,1,0.1,0.297797264047813,0.317683310012113
"gbdt",0.01,255,12,20,1,0.8,1,0.1,0.303170249729245,0.315864864998677
"gbdt",0.1,255,40,20,1,0.8,1,0.1,0.306263104791743,0.301808511986857
"gbdt",0.01,255,40,20,1,0.8,1,0.1,0.303892094857361,0.308165362318148
"gbdt",0.1,255,20,-1,0.8,0.9,1,0.1,0.308944326821236,0.325529000893946
"gbdt",0.01,255,20,-1,0.8,0.9,1,0.1,0.304470354482429,0.31871171721972
"gbdt",0.1,255,12,-1,0.8,0.9,1,0.1,0.305288190112741,0.323480817168457
"gbdt",0.01,255,12,-1,0.8,0.9,1,0.1,0.303463312672308,0.31453231257483
"gbdt",0.1,255,40,-1,0.8,0.9,1,0.1,0.301215530398537,0.303366864978351
"gbdt",0.01,255,40,-1,0.8,0.9,1,0.1,0.30530952799075,0.315636486485828
"gbdt",0.1,255,20,10,0.8,0.9,1,0.1,0.304012707589979,0.313691030018583
"gbdt",0.01,255,20,10,0.8,0.9,1,0.1,0.303037019521321,0.313733844984177
"gbdt",0.1,255,12,10,0.8,0.9,1,0.1,0.304779446664916,0.322654555405484
"gbdt",0.01,255,12,10,0.8,0.9,1,0.1,0.302203685255023,0.315509644438727
"gbdt",0.1,255,40,10,0.8,0.9,1,0.1,0.300766096873614,0.30963918729258
"gbdt",0.01,255,40,10,0.8,0.9,1,0.1,0.305594480576133,0.315305308771068
"gbdt",0.1,255,20,20,0.8,0.9,1,0.1,0.308944326821236,0.325529000893946
"gbdt",0.01,255,20,20,0.8,0.9,1,0.1,0.30370493358931,0.31871171721972
"gbdt",0.1,255,12,20,0.8,0.9,1,0.1,0.305288190112741,0.320420676495012
"gbdt",0.01,255,12,20,0.8,0.9,1,0.1,0.303444458281272,0.31453231257483
"gbdt",0.1,255,40,20,0.8,0.9,1,0.1,0.301215530398537,0.303366864978351
"gbdt",0.01,255,40,20,0.8,0.9,1,0.1,0.30530952799075,0.315636486485828
"gbdt",0.1,255,20,-1,0.9,0.9,1,0.1,0.30685303468412,0.314124916281247
"gbdt",0.01,255,20,-1,0.9,0.9,1,0.1,0.302034388881716,0.320515940873106
"gbdt",0.1,255,12,-1,0.9,0.9,1,0.1,0.30462765814441,0.314113470136777
"gbdt",0.01,255,12,-1,0.9,0.9,1,0.1,0.302441880042014,0.314792200471369
"gbdt",0.1,255,40,-1,0.9,0.9,1,0.1,0.301688206864958,0.325575181662267
"gbdt",0.01,255,40,-1,0.9,0.9,1,0.1,0.305780142687281,0.315129005081577
"gbdt",0.1,255,20,10,0.9,0.9,1,0.1,0.302785873384308,0.317278583503087
"gbdt",0.01,255,20,10,0.9,0.9,1,0.1,0.301457854286529,0.314499739975365
"gbdt",0.1,255,12,10,0.9,0.9,1,0.1,0.302624745612116,0.321817193162688
"gbdt",0.01,255,12,10,0.9,0.9,1,0.1,0.301345970058588,0.312483916458891
"gbdt",0.1,255,40,10,0.9,0.9,1,0.1,0.298794882062237,0.320983251394063
"gbdt",0.01,255,40,10,0.9,0.9,1,0.1,0.303955165863587,0.315413566742019
"gbdt",0.1,255,20,20,0.9,0.9,1,0.1,0.305936767962834,0.314124916281247
"gbdt",0.01,255,20,20,0.9,0.9,1,0.1,0.302000822547134,0.320515940873106
"gbdt",0.1,255,12,20,0.9,0.9,1,0.1,0.30462765814441,0.314113470136777
"gbdt",0.01,255,12,20,0.9,0.9,1,0.1,0.302414406153229,0.314792200471369
"gbdt",0.1,255,40,20,0.9,0.9,1,0.1,0.301688206864958,0.325575181662267
"gbdt",0.01,255,40,20,0.9,0.9,1,0.1,0.305780142687281,0.315129005081577
"gbdt",0.1,255,20,-1,1,0.9,1,0.1,0.302116532143841,0.316804095862713
"gbdt",0.01,255,20,-1,1,0.9,1,0.1,0.303268949491389,0.318993765570479
"gbdt",0.1,255,12,-1,1,0.9,1,0.1,0.301080457675593,0.320356012065912
"gbdt",0.01,255,12,-1,1,0.9,1,0.1,0.303545446266472,0.315465099536933
"gbdt",0.1,255,40,-1,1,0.9,1,0.1,0.306314700220253,0.31318822608272
"gbdt",0.01,255,40,-1,1,0.9,1,0.1,0.302637759457228,0.317370810221224
"gbdt",0.1,255,20,10,1,0.9,1,0.1,0.30033830387922,0.316839829456035
"gbdt",0.01,255,20,10,1,0.9,1,0.1,0.303897982320627,0.313867245482674
"gbdt",0.1,255,12,10,1,0.9,1,0.1,0.3014171997435,0.327211237623479
"gbdt",0.01,255,12,10,1,0.9,1,0.1,0.303200980932916,0.311238937247495
"gbdt",0.1,255,40,10,1,0.9,1,0.1,0.302467192556648,0.316627420916374
"gbdt",0.01,255,40,10,1,0.9,1,0.1,0.303446314052839,0.316826940691438
"gbdt",0.1,255,20,20,1,0.9,1,0.1,0.302116532143841,0.316804095862713
"gbdt",0.01,255,20,20,1,0.9,1,0.1,0.302944733628299,0.320499349653327
"gbdt",0.1,255,12,20,1,0.9,1,0.1,0.301080457675593,0.320356012065911
"gbdt",0.01,255,12,20,1,0.9,1,0.1,0.303784136099943,0.315465099536933
"gbdt",0.1,255,40,20,1,0.9,1,0.1,0.306314700220253,0.31318822608272
"gbdt",0.01,255,40,20,1,0.9,1,0.1,0.302637759457228,0.317370810221225
"gbdt",0.1,255,20,-1,0.8,1,1,0.1,0.310391413568674,0.32791339078851
"gbdt",0.01,255,20,-1,0.8,1,1,0.1,0.306726028658256,0.326429401937824
"gbdt",0.1,255,12,-1,0.8,1,1,0.1,0.305902012604346,0.316888051915265
"gbdt",0.01,255,12,-1,0.8,1,1,0.1,0.304120100003703,0.317098358437595
"gbdt",0.1,255,40,-1,0.8,1,1,0.1,0.306984089371938,0.316443448373792
"gbdt",0.01,255,40,-1,0.8,1,1,0.1,0.310302117989706,0.320231955439079
"gbdt",0.1,255,20,10,0.8,1,1,0.1,0.308428963275782,0.320392768790709
"gbdt",0.01,255,20,10,0.8,1,1,0.1,0.303705176212536,0.323070006209147
"gbdt",0.1,255,12,10,0.8,1,1,0.1,0.304804229265959,0.319604886402272
"gbdt",0.01,255,12,10,0.8,1,1,0.1,0.303449267366646,0.315697034110859
"gbdt",0.1,255,40,10,0.8,1,1,0.1,0.304548209720185,0.321096497162771
"gbdt",0.01,255,40,10,0.8,1,1,0.1,0.309185281187542,0.315727335301125
"gbdt",0.1,255,20,20,0.8,1,1,0.1,0.309921816731726,0.32791339078851
"gbdt",0.01,255,20,20,0.8,1,1,0.1,0.306721456947206,0.326429401937824
"gbdt",0.1,255,12,20,0.8,1,1,0.1,0.305902012604346,0.316888051915265
"gbdt",0.01,255,12,20,0.8,1,1,0.1,0.304254146285791,0.317098358437595
"gbdt",0.1,255,40,20,0.8,1,1,0.1,0.306984089371938,0.316443448373792
"gbdt",0.01,255,40,20,0.8,1,1,0.1,0.309170943423956,0.320231955439079
"gbdt",0.1,255,20,-1,0.9,1,1,0.1,0.30561602857804,0.325552860178399
"gbdt",0.01,255,20,-1,0.9,1,1,0.1,0.30642557768034,0.322706482492156
"gbdt",0.1,255,12,-1,0.9,1,1,0.1,0.305029618008127,0.316895015731649
"gbdt",0.01,255,12,-1,0.9,1,1,0.1,0.304066542789768,0.316116588303333
"gbdt",0.1,255,40,-1,0.9,1,1,0.1,0.306262295977103,0.314260456790477
"gbdt",0.01,255,40,-1,0.9,1,1,0.1,0.315813740281878,0.31789075854703
"gbdt",0.1,255,20,10,0.9,1,1,0.1,0.30602726460886,0.323738470248336
"gbdt",0.01,255,20,10,0.9,1,1,0.1,0.304200777061645,0.325404737603958
"gbdt",0.1,255,12,10,0.9,1,1,0.1,0.306088430189206,0.322499460055352
"gbdt",0.01,255,12,10,0.9,1,1,0.1,0.302524312657648,0.321075640282221
"gbdt",0.1,255,40,10,0.9,1,1,0.1,0.306964339203292,0.318439389435685
"gbdt",0.01,255,40,10,0.9,1,1,0.1,0.310921485827466,0.316897763136077
"gbdt",0.1,255,20,20,0.9,1,1,0.1,0.30561602857804,0.325552860178399
"gbdt",0.01,255,20,20,0.9,1,1,0.1,0.30642557768034,0.322706482492156
"gbdt",0.1,255,12,20,0.9,1,1,0.1,0.305029618008127,0.316895015731649
"gbdt",0.01,255,12,20,0.9,1,1,0.1,0.304066542789768,0.316116588303333
"gbdt",0.1,255,40,20,0.9,1,1,0.1,0.306262295977103,0.314260456790477
"gbdt",0.01,255,40,20,0.9,1,1,0.1,0.315813740281878,0.31789075854703
"gbdt",0.1,255,20,-1,1,1,1,0.1,0.311003181803906,0.322270718089293
"gbdt",0.01,255,20,-1,1,1,1,0.1,0.308274290698888,0.326116521858852
"gbdt",0.1,255,12,-1,1,1,1,0.1,0.302739909545888,0.32938006444616
"gbdt",0.01,255,12,-1,1,1,1,0.1,0.304500400932954,0.323047737085735
"gbdt",0.1,255,40,-1,1,1,1,0.1,0.309058817260092,0.320745878187007
"gbdt",0.01,255,40,-1,1,1,1,0.1,0.308188573524115,0.325639706271696
"gbdt",0.1,255,20,10,1,1,1,0.1,0.307608473472263,0.313572753957919
"gbdt",0.01,255,20,10,1,1,1,0.1,0.305454583272965,0.322652004212112
"gbdt",0.1,255,12,10,1,1,1,0.1,0.305511803426949,0.331240997053422
"gbdt",0.01,255,12,10,1,1,1,0.1,0.304820643773836,0.323903171698259
"gbdt",0.1,255,40,10,1,1,1,0.1,0.306397219886105,0.315920675056895
"gbdt",0.01,255,40,10,1,1,1,0.1,0.31523905213258,0.321597721774376
"gbdt",0.1,255,20,20,1,1,1,0.1,0.311003181803906,0.322270718089293
"gbdt",0.01,255,20,20,1,1,1,0.1,0.309660534434931,0.326116521858852
"gbdt",0.1,255,12,20,1,1,1,0.1,0.302739909545888,0.32938006444616
"gbdt",0.01,255,12,20,1,1,1,0.1,0.304682665524995,0.323047737085735
"gbdt",0.1,255,40,20,1,1,1,0.1,0.309058817260092,0.320745878187007
"gbdt",0.01,255,40,20,1,1,1,0.1,0.308188573524115,0.325639706271696
"gbdt",0.1,255,20,-1,0.8,0.8,5,0.1,0.310847857179957,0.326011425310448
"gbdt",0.01,255,20,-1,0.8,0.8,5,0.1,0.303309286358565,0.319344316317428
"gbdt",0.1,255,12,-1,0.8,0.8,5,0.1,0.309793894918688,0.328248763490597
"gbdt",0.01,255,12,-1,0.8,0.8,5,0.1,0.303993627738722,0.320017587377207
"gbdt",0.1,255,40,-1,0.8,0.8,5,0.1,0.308815985169025,0.305751464444262
"gbdt",0.01,255,40,-1,0.8,0.8,5,0.1,0.305962531505193,0.314166719055561
"gbdt",0.1,255,20,10,0.8,0.8,5,0.1,0.305797282547498,0.320404025486832
"gbdt",0.01,255,20,10,0.8,0.8,5,0.1,0.303079836912218,0.316072805992943
"gbdt",0.1,255,12,10,0.8,0.8,5,0.1,0.307981108243442,0.302295025607197
"gbdt",0.01,255,12,10,0.8,0.8,5,0.1,0.302988437782575,0.318217630198037
"gbdt",0.1,255,40,10,0.8,0.8,5,0.1,0.310042804880504,0.310397188329218
"gbdt",0.01,255,40,10,0.8,0.8,5,0.1,0.305711472063597,0.31234439526649
"gbdt",0.1,255,20,20,0.8,0.8,5,0.1,0.310847857179957,0.326011425310448
"gbdt",0.01,255,20,20,0.8,0.8,5,0.1,0.303390245286618,0.319344316317428
"gbdt",0.1,255,12,20,0.8,0.8,5,0.1,0.309793894918688,0.328248763490597
"gbdt",0.01,255,12,20,0.8,0.8,5,0.1,0.304019382888843,0.320017587377207
"gbdt",0.1,255,40,20,0.8,0.8,5,0.1,0.308815985169025,0.305751464444262
"gbdt",0.01,255,40,20,0.8,0.8,5,0.1,0.305962531505193,0.314166719055561
"gbdt",0.1,255,20,-1,0.9,0.8,5,0.1,0.308142910200553,0.32042255676922
"gbdt",0.01,255,20,-1,0.9,0.8,5,0.1,0.304344319112463,0.317693605298076
"gbdt",0.1,255,12,-1,0.9,0.8,5,0.1,0.311383268918353,0.307409272407954
"gbdt",0.01,255,12,-1,0.9,0.8,5,0.1,0.304710420235846,0.316068650399433
"gbdt",0.1,255,40,-1,0.9,0.8,5,0.1,0.30855530924562,0.313904745765838
"gbdt",0.01,255,40,-1,0.9,0.8,5,0.1,0.307869113557816,0.315543409200908
"gbdt",0.1,255,20,10,0.9,0.8,5,0.1,0.303834084522894,0.324100740122671
"gbdt",0.01,255,20,10,0.9,0.8,5,0.1,0.303136883651615,0.311407026964002
"gbdt",0.1,255,12,10,0.9,0.8,5,0.1,0.305214593497777,0.315329557454098
"gbdt",0.01,255,12,10,0.9,0.8,5,0.1,0.302612924657144,0.316903814863054
"gbdt",0.1,255,40,10,0.9,0.8,5,0.1,0.3070764616201,0.309938609577691
"gbdt",0.01,255,40,10,0.9,0.8,5,0.1,0.308923848439089,0.313787636738298
"gbdt",0.1,255,20,20,0.9,0.8,5,0.1,0.309511387140093,0.32042255676922
"gbdt",0.01,255,20,20,0.9,0.8,5,0.1,0.304344319112463,0.317693605298076
"gbdt",0.1,255,12,20,0.9,0.8,5,0.1,0.311383268918353,0.307409272407954
"gbdt",0.01,255,12,20,0.9,0.8,5,0.1,0.304752791968689,0.316068650399433
"gbdt",0.1,255,40,20,0.9,0.8,5,0.1,0.30855530924562,0.313904745765838
"gbdt",0.01,255,40,20,0.9,0.8,5,0.1,0.307869113557816,0.315543409200908
"gbdt",0.1,255,20,-1,1,0.8,5,0.1,0.308121606506602,0.326447124606755
"gbdt",0.01,255,20,-1,1,0.8,5,0.1,0.30933603504911,0.312296237197875
"gbdt",0.1,255,12,-1,1,0.8,5,0.1,0.305981195792666,0.306360290406846
"gbdt",0.01,255,12,-1,1,0.8,5,0.1,0.306597875610996,0.314438788403018
"gbdt",0.1,255,40,-1,1,0.8,5,0.1,0.306720245170547,0.324287006601566
"gbdt",0.01,255,40,-1,1,0.8,5,0.1,0.30802913355568,0.312726523006806
"gbdt",0.1,255,20,10,1,0.8,5,0.1,0.306581724107422,0.32783595651258
"gbdt",0.01,255,20,10,1,0.8,5,0.1,0.305337697683244,0.306555558653125
"gbdt",0.1,255,12,10,1,0.8,5,0.1,0.307925126007898,0.308148538607206
"gbdt",0.01,255,12,10,1,0.8,5,0.1,0.305454288626892,0.310745583699191
"gbdt",0.1,255,40,10,1,0.8,5,0.1,0.302059713219448,0.325117268465816
"gbdt",0.01,255,40,10,1,0.8,5,0.1,0.309296286100822,0.314095004451684
"gbdt",0.1,255,20,20,1,0.8,5,0.1,0.308121606506602,0.326447124606755
"gbdt",0.01,255,20,20,1,0.8,5,0.1,0.309259996955746,0.312296237197875
"gbdt",0.1,255,12,20,1,0.8,5,0.1,0.305981195792666,0.306360290406846
"gbdt",0.01,255,12,20,1,0.8,5,0.1,0.306605741280546,0.314438788403018
"gbdt",0.1,255,40,20,1,0.8,5,0.1,0.306720245170547,0.324287006601566
"gbdt",0.01,255,40,20,1,0.8,5,0.1,0.30802913355568,0.312726523006806
"gbdt",0.1,255,20,-1,0.8,0.9,5,0.1,0.303969658264518,0.326375084949061
"gbdt",0.01,255,20,-1,0.8,0.9,5,0.1,0.303127225540823,0.323881954857791
"gbdt",0.1,255,12,-1,0.8,0.9,5,0.1,0.304299910493722,0.302496920250334
"gbdt",0.01,255,12,-1,0.8,0.9,5,0.1,0.303283814548453,0.318143175364525
"gbdt",0.1,255,40,-1,0.8,0.9,5,0.1,0.307328020486267,0.313172704354662
"gbdt",0.01,255,40,-1,0.8,0.9,5,0.1,0.307496634722166,0.31555785957567
"gbdt",0.1,255,20,10,0.8,0.9,5,0.1,0.305983171252759,0.322083996406661
"gbdt",0.01,255,20,10,0.8,0.9,5,0.1,0.301265819372765,0.321559806798449
"gbdt",0.1,255,12,10,0.8,0.9,5,0.1,0.304272245345399,0.312535554199071
"gbdt",0.01,255,12,10,0.8,0.9,5,0.1,0.301946274669016,0.314893445721724
"gbdt",0.1,255,40,10,0.8,0.9,5,0.1,0.307863028234573,0.321834294527051
"gbdt",0.01,255,40,10,0.8,0.9,5,0.1,0.30780334170655,0.316070708139088
"gbdt",0.1,255,20,20,0.8,0.9,5,0.1,0.303969658264518,0.326375084949061
"gbdt",0.01,255,20,20,0.8,0.9,5,0.1,0.303149630754447,0.323881954857791
"gbdt",0.1,255,12,20,0.8,0.9,5,0.1,0.304282696161278,0.302496920250334
"gbdt",0.01,255,12,20,0.8,0.9,5,0.1,0.304176794858586,0.318143175364525
"gbdt",0.1,255,40,20,0.8,0.9,5,0.1,0.307328020486267,0.313172704354662
"gbdt",0.01,255,40,20,0.8,0.9,5,0.1,0.307496634722166,0.31555785957567
"gbdt",0.1,255,20,-1,0.9,0.9,5,0.1,0.304853617596657,0.327402451270528
"gbdt",0.01,255,20,-1,0.9,0.9,5,0.1,0.304944395876115,0.320705585393583
"gbdt",0.1,255,12,-1,0.9,0.9,5,0.1,0.309261157629193,0.316968053465917
"gbdt",0.01,255,12,-1,0.9,0.9,5,0.1,0.300220126000536,0.314989041054385
"gbdt",0.1,255,40,-1,0.9,0.9,5,0.1,0.307197803413381,0.326662292204523
"gbdt",0.01,255,40,-1,0.9,0.9,5,0.1,0.309270773411862,0.315820894481795
"gbdt",0.1,255,20,10,0.9,0.9,5,0.1,0.304551481900574,0.322386006002139
"gbdt",0.01,255,20,10,0.9,0.9,5,0.1,0.302689658798375,0.323432392334216
"gbdt",0.1,255,12,10,0.9,0.9,5,0.1,0.303867064118587,0.321292310790669
"gbdt",0.01,255,12,10,0.9,0.9,5,0.1,0.300029993151689,0.311267838857738
"gbdt",0.1,255,40,10,0.9,0.9,5,0.1,0.304454225813409,0.31707350404421
"gbdt",0.01,255,40,10,0.9,0.9,5,0.1,0.311017793795181,0.314126471513694
"gbdt",0.1,255,20,20,0.9,0.9,5,0.1,0.304853617596657,0.327402451270528
"gbdt",0.01,255,20,20,0.9,0.9,5,0.1,0.304724745722163,0.320705585393582
"gbdt",0.1,255,12,20,0.9,0.9,5,0.1,0.309261157629193,0.316968053465917
"gbdt",0.01,255,12,20,0.9,0.9,5,0.1,0.300238853962781,0.314989041054385
"gbdt",0.1,255,40,20,0.9,0.9,5,0.1,0.307197803413381,0.326662292204523
"gbdt",0.01,255,40,20,0.9,0.9,5,0.1,0.309270773411862,0.315820894481795
"gbdt",0.1,255,20,-1,1,0.9,5,0.1,0.305055083587976,0.320141413291162
"gbdt",0.01,255,20,-1,1,0.9,5,0.1,0.307442432107434,0.32121378340858
"gbdt",0.1,255,12,-1,1,0.9,5,0.1,0.299514524347193,0.326922137984377
"gbdt",0.01,255,12,-1,1,0.9,5,0.1,0.30146167928935,0.315909557228228
"gbdt",0.1,255,40,-1,1,0.9,5,0.1,0.310694574210667,0.313037300592616
"gbdt",0.01,255,40,-1,1,0.9,5,0.1,0.311217971323217,0.312924292530483
"gbdt",0.1,255,20,10,1,0.9,5,0.1,0.301960927528597,0.326898369829964
"gbdt",0.01,255,20,10,1,0.9,5,0.1,0.30271677885301,0.319168392430703
"gbdt",0.1,255,12,10,1,0.9,5,0.1,0.301333672749593,0.322439448380053
"gbdt",0.01,255,12,10,1,0.9,5,0.1,0.301854605140209,0.315310035605777
"gbdt",0.1,255,40,10,1,0.9,5,0.1,0.309847189968682,0.316881169292524
"gbdt",0.01,255,40,10,1,0.9,5,0.1,0.310039543918977,0.312627007456016
"gbdt",0.1,255,20,20,1,0.9,5,0.1,0.305055083587976,0.319661947287562
"gbdt",0.01,255,20,20,1,0.9,5,0.1,0.307442432107434,0.32121378340858
"gbdt",0.1,255,12,20,1,0.9,5,0.1,0.299514524347193,0.326922137984377
"gbdt",0.01,255,12,20,1,0.9,5,0.1,0.30146167928935,0.315909557228228
"gbdt",0.1,255,40,20,1,0.9,5,0.1,0.310694574210667,0.313037300592616
"gbdt",0.01,255,40,20,1,0.9,5,0.1,0.311217971323217,0.312924292530483
"gbdt",0.1,255,20,-1,0.8,1,5,0.1,0.310391413568674,0.32791339078851
"gbdt",0.01,255,20,-1,0.8,1,5,0.1,0.306726028658256,0.326429401937824
"gbdt",0.1,255,12,-1,0.8,1,5,0.1,0.305902012604346,0.316888051915265
"gbdt",0.01,255,12,-1,0.8,1,5,0.1,0.304120100003703,0.317098358437595
"gbdt",0.1,255,40,-1,0.8,1,5,0.1,0.306984089371938,0.316443448373792
"gbdt",0.01,255,40,-1,0.8,1,5,0.1,0.310302117989706,0.320231955439079
"gbdt",0.1,255,20,10,0.8,1,5,0.1,0.308428963275782,0.320392768790709
"gbdt",0.01,255,20,10,0.8,1,5,0.1,0.303705176212536,0.323070006209147
"gbdt",0.1,255,12,10,0.8,1,5,0.1,0.304804229265959,0.319604886402272
"gbdt",0.01,255,12,10,0.8,1,5,0.1,0.303449267366646,0.315697034110859
"gbdt",0.1,255,40,10,0.8,1,5,0.1,0.304548209720185,0.321096497162771
"gbdt",0.01,255,40,10,0.8,1,5,0.1,0.309185281187542,0.315727335301125
"gbdt",0.1,255,20,20,0.8,1,5,0.1,0.309921816731726,0.32791339078851
"gbdt",0.01,255,20,20,0.8,1,5,0.1,0.306721456947206,0.326429401937824
"gbdt",0.1,255,12,20,0.8,1,5,0.1,0.305902012604346,0.316888051915265
"gbdt",0.01,255,12,20,0.8,1,5,0.1,0.304254146285791,0.317098358437595
"gbdt",0.1,255,40,20,0.8,1,5,0.1,0.306984089371938,0.316443448373792
"gbdt",0.01,255,40,20,0.8,1,5,0.1,0.309170943423956,0.320231955439079
"gbdt",0.1,255,20,-1,0.9,1,5,0.1,0.30561602857804,0.325552860178399
"gbdt",0.01,255,20,-1,0.9,1,5,0.1,0.30642557768034,0.322706482492156
"gbdt",0.1,255,12,-1,0.9,1,5,0.1,0.305029618008127,0.316895015731649
"gbdt",0.01,255,12,-1,0.9,1,5,0.1,0.304066542789768,0.316116588303333
"gbdt",0.1,255,40,-1,0.9,1,5,0.1,0.306262295977103,0.314260456790477
"gbdt",0.01,255,40,-1,0.9,1,5,0.1,0.315813740281878,0.31789075854703
"gbdt",0.1,255,20,10,0.9,1,5,0.1,0.30602726460886,0.323738470248336
"gbdt",0.01,255,20,10,0.9,1,5,0.1,0.304200777061645,0.325404737603958
"gbdt",0.1,255,12,10,0.9,1,5,0.1,0.306088430189206,0.322499460055352
"gbdt",0.01,255,12,10,0.9,1,5,0.1,0.302524312657648,0.321075640282221
"gbdt",0.1,255,40,10,0.9,1,5,0.1,0.306964339203292,0.318439389435685
"gbdt",0.01,255,40,10,0.9,1,5,0.1,0.310921485827466,0.316897763136077
"gbdt",0.1,255,20,20,0.9,1,5,0.1,0.30561602857804,0.325552860178399
"gbdt",0.01,255,20,20,0.9,1,5,0.1,0.30642557768034,0.322706482492156
"gbdt",0.1,255,12,20,0.9,1,5,0.1,0.305029618008127,0.316895015731649
"gbdt",0.01,255,12,20,0.9,1,5,0.1,0.304066542789768,0.316116588303333
"gbdt",0.1,255,40,20,0.9,1,5,0.1,0.306262295977103,0.314260456790477
"gbdt",0.01,255,40,20,0.9,1,5,0.1,0.315813740281878,0.31789075854703
"gbdt",0.1,255,20,-1,1,1,5,0.1,0.311003181803906,0.322270718089293
"gbdt",0.01,255,20,-1,1,1,5,0.1,0.308274290698888,0.326116521858852
"gbdt",0.1,255,12,-1,1,1,5,0.1,0.302739909545888,0.32938006444616
"gbdt",0.01,255,12,-1,1,1,5,0.1,0.304500400932954,0.323047737085735
"gbdt",0.1,255,40,-1,1,1,5,0.1,0.309058817260092,0.320745878187007
"gbdt",0.01,255,40,-1,1,1,5,0.1,0.308188573524115,0.325639706271696
"gbdt",0.1,255,20,10,1,1,5,0.1,0.307608473472263,0.313572753957919
"gbdt",0.01,255,20,10,1,1,5,0.1,0.305454583272965,0.322652004212112
"gbdt",0.1,255,12,10,1,1,5,0.1,0.305511803426949,0.331240997053422
"gbdt",0.01,255,12,10,1,1,5,0.1,0.304820643773836,0.323903171698259
"gbdt",0.1,255,40,10,1,1,5,0.1,0.306397219886105,0.315920675056895
"gbdt",0.01,255,40,10,1,1,5,0.1,0.31523905213258,0.321597721774376
"gbdt",0.1,255,20,20,1,1,5,0.1,0.311003181803906,0.322270718089293
"gbdt",0.01,255,20,20,1,1,5,0.1,0.30966053443493,0.326116521858852
"gbdt",0.1,255,12,20,1,1,5,0.1,0.302739909545888,0.32938006444616
"gbdt",0.01,255,12,20,1,1,5,0.1,0.304682665524995,0.323047737085735
"gbdt",0.1,255,40,20,1,1,5,0.1,0.309058817260092,0.320745878187007
"gbdt",0.01,255,40,20,1,1,5,0.1,0.308188573524115,0.325639706271696
"gbdt",0.1,255,20,-1,0.8,0.8,10,0.1,0.312896536072435,0.333870246403124
"gbdt",0.01,255,20,-1,0.8,0.8,10,0.1,0.306024747186898,0.315394223496985
"gbdt",0.1,255,12,-1,0.8,0.8,10,0.1,0.309176738260177,0.305134833438108
"gbdt",0.01,255,12,-1,0.8,0.8,10,0.1,0.300052950858168,0.319088730231554
"gbdt",0.1,255,40,-1,0.8,0.8,10,0.1,0.310573643657903,0.30113332031609
"gbdt",0.01,255,40,-1,0.8,0.8,10,0.1,0.309111542288275,0.314621115750116
"gbdt",0.1,255,20,10,0.8,0.8,10,0.1,0.310532853808861,0.320180271393293
"gbdt",0.01,255,20,10,0.8,0.8,10,0.1,0.306928555572063,0.314686737873034
"gbdt",0.1,255,12,10,0.8,0.8,10,0.1,0.305413514035719,0.306838264556488
"gbdt",0.01,255,12,10,0.8,0.8,10,0.1,0.300798449715841,0.31750119230839
"gbdt",0.1,255,40,10,0.8,0.8,10,0.1,0.310794333244236,0.309837851891754
"gbdt",0.01,255,40,10,0.8,0.8,10,0.1,0.309014875411539,0.31468413855032
"gbdt",0.1,255,20,20,0.8,0.8,10,0.1,0.312896536072435,0.333870246403124
"gbdt",0.01,255,20,20,0.8,0.8,10,0.1,0.306024747186898,0.315394223496985
"gbdt",0.1,255,12,20,0.8,0.8,10,0.1,0.309176738260177,0.305134833438108
"gbdt",0.01,255,12,20,0.8,0.8,10,0.1,0.3001597309536,0.319088730231554
"gbdt",0.1,255,40,20,0.8,0.8,10,0.1,0.310573643657903,0.30113332031609
"gbdt",0.01,255,40,20,0.8,0.8,10,0.1,0.309111542288275,0.314621115750116
"gbdt",0.1,255,20,-1,0.9,0.8,10,0.1,0.314829187861347,0.323172131941577
"gbdt",0.01,255,20,-1,0.9,0.8,10,0.1,0.307788453212135,0.312494381630157
"gbdt",0.1,255,12,-1,0.9,0.8,10,0.1,0.304281847788107,0.318049225842456
"gbdt",0.01,255,12,-1,0.9,0.8,10,0.1,0.297558414923436,0.317426880429315
"gbdt",0.1,255,40,-1,0.9,0.8,10,0.1,0.307124176328539,0.304087060816498
"gbdt",0.01,255,40,-1,0.9,0.8,10,0.1,0.308058206945607,0.31114100767144
"gbdt",0.1,255,20,10,0.9,0.8,10,0.1,0.314425307516215,0.316949635810381
"gbdt",0.01,255,20,10,0.9,0.8,10,0.1,0.307292024842068,0.316875428275762
"gbdt",0.1,255,12,10,0.9,0.8,10,0.1,0.309182316654668,0.306366968402981
"gbdt",0.01,255,12,10,0.9,0.8,10,0.1,0.300595651223404,0.319477016584611
"gbdt",0.1,255,40,10,0.9,0.8,10,0.1,0.311256792479819,0.306558580315029
"gbdt",0.01,255,40,10,0.9,0.8,10,0.1,0.310266663575694,0.314186309100957
"gbdt",0.1,255,20,20,0.9,0.8,10,0.1,0.314829187861347,0.323172131941577
"gbdt",0.01,255,20,20,0.9,0.8,10,0.1,0.307796396156051,0.312494381630157
"gbdt",0.1,255,12,20,0.9,0.8,10,0.1,0.304281847788107,0.318049225842456
"gbdt",0.01,255,12,20,0.9,0.8,10,0.1,0.297558414923436,0.317426880429316
"gbdt",0.1,255,40,20,0.9,0.8,10,0.1,0.307124176328539,0.304087060816498
"gbdt",0.01,255,40,20,0.9,0.8,10,0.1,0.308058206945607,0.31114100767144
"gbdt",0.1,255,20,-1,1,0.8,10,0.1,0.312918164840292,0.337295470926217
"gbdt",0.01,255,20,-1,1,0.8,10,0.1,0.310374757259835,0.314960741294301
"gbdt",0.1,255,12,-1,1,0.8,10,0.1,0.310626503587003,0.33123150405191
"gbdt",0.01,255,12,-1,1,0.8,10,0.1,0.302281528677505,0.32137297345601
"gbdt",0.1,255,40,-1,1,0.8,10,0.1,0.31932806786771,0.304664300883896
"gbdt",0.01,255,40,-1,1,0.8,10,0.1,0.311927313210967,0.309341224718381
"gbdt",0.1,255,20,10,1,0.8,10,0.1,0.314015733848114,0.315012804199401
"gbdt",0.01,255,20,10,1,0.8,10,0.1,0.30671910066966,0.312815814169526
"gbdt",0.1,255,12,10,1,0.8,10,0.1,0.315683711994519,0.323675156893013
"gbdt",0.01,255,12,10,1,0.8,10,0.1,0.300960262075182,0.312752416030709
"gbdt",0.1,255,40,10,1,0.8,10,0.1,0.312033753644935,0.306570687400462
"gbdt",0.01,255,40,10,1,0.8,10,0.1,0.310296394914592,0.310283825702353
"gbdt",0.1,255,20,20,1,0.8,10,0.1,0.312918164840292,0.337295470926217
"gbdt",0.01,255,20,20,1,0.8,10,0.1,0.310120198296835,0.314960741294301
"gbdt",0.1,255,12,20,1,0.8,10,0.1,0.310626503587003,0.33123150405191
"gbdt",0.01,255,12,20,1,0.8,10,0.1,0.302281528677505,0.32137297345601
"gbdt",0.1,255,40,20,1,0.8,10,0.1,0.31932806786771,0.304664300883896
"gbdt",0.01,255,40,20,1,0.8,10,0.1,0.311927313210967,0.309341224718381
"gbdt",0.1,255,20,-1,0.8,0.9,10,0.1,0.308212625086073,0.335953924015094
"gbdt",0.01,255,20,-1,0.8,0.9,10,0.1,0.304405471060937,0.320725936995054
"gbdt",0.1,255,12,-1,0.8,0.9,10,0.1,0.309018473343191,0.320441873162868
"gbdt",0.01,255,12,-1,0.8,0.9,10,0.1,0.303544097170201,0.318714035678589
"gbdt",0.1,255,40,-1,0.8,0.9,10,0.1,0.313019781453245,0.319476043335372
"gbdt",0.01,255,40,-1,0.8,0.9,10,0.1,0.30819965535069,0.313611351459739
"gbdt",0.1,255,20,10,0.8,0.9,10,0.1,0.30869459651601,0.316534384044474
"gbdt",0.01,255,20,10,0.8,0.9,10,0.1,0.303523562910923,0.321921519887929
"gbdt",0.1,255,12,10,0.8,0.9,10,0.1,0.306949936393441,0.316867085122132
"gbdt",0.01,255,12,10,0.8,0.9,10,0.1,0.302076124534407,0.320367222388913
"gbdt",0.1,255,40,10,0.8,0.9,10,0.1,0.312381549961348,0.318126466455085
"gbdt",0.01,255,40,10,0.8,0.9,10,0.1,0.308543434730143,0.313352888175416
"gbdt",0.1,255,20,20,0.8,0.9,10,0.1,0.308165110265918,0.335953924015094
"gbdt",0.01,255,20,20,0.8,0.9,10,0.1,0.304467287983339,0.320725936995054
"gbdt",0.1,255,12,20,0.8,0.9,10,0.1,0.309018473343191,0.320441873162868
"gbdt",0.01,255,12,20,0.8,0.9,10,0.1,0.303571630930684,0.318714035678589
"gbdt",0.1,255,40,20,0.8,0.9,10,0.1,0.313019781453245,0.319476043335372
"gbdt",0.01,255,40,20,0.8,0.9,10,0.1,0.30819965535069,0.313611351459739
"gbdt",0.1,255,20,-1,0.9,0.9,10,0.1,0.311087226305538,0.32538889543556
"gbdt",0.01,255,20,-1,0.9,0.9,10,0.1,0.305365230620838,0.323121530477839
"gbdt",0.1,255,12,-1,0.9,0.9,10,0.1,0.310688171624469,0.326371420531377
"gbdt",0.01,255,12,-1,0.9,0.9,10,0.1,0.304806199938136,0.321678320181695
"gbdt",0.1,255,40,-1,0.9,0.9,10,0.1,0.305319620727702,0.322234497785336
"gbdt",0.01,255,40,-1,0.9,0.9,10,0.1,0.304578263288547,0.315490467095107
"gbdt",0.1,255,20,10,0.9,0.9,10,0.1,0.308609726897294,0.320995635075451
"gbdt",0.01,255,20,10,0.9,0.9,10,0.1,0.304722295260129,0.318038542737854
"gbdt",0.1,255,12,10,0.9,0.9,10,0.1,0.30928995153653,0.31634617232404
"gbdt",0.01,255,12,10,0.9,0.9,10,0.1,0.303872640299717,0.324716392347476
"gbdt",0.1,255,40,10,0.9,0.9,10,0.1,0.307117158700653,0.312449393552421
"gbdt",0.01,255,40,10,0.9,0.9,10,0.1,0.306724243733358,0.314924020132083
"gbdt",0.1,255,20,20,0.9,0.9,10,0.1,0.311087226305538,0.32538889543556
"gbdt",0.01,255,20,20,0.9,0.9,10,0.1,0.305287858810436,0.323121530477839
"gbdt",0.1,255,12,20,0.9,0.9,10,0.1,0.310586155531868,0.326371420531377
"gbdt",0.01,255,12,20,0.9,0.9,10,0.1,0.304806199938136,0.321678320181695
"gbdt",0.1,255,40,20,0.9,0.9,10,0.1,0.305319620727702,0.322234497785336
"gbdt",0.01,255,40,20,0.9,0.9,10,0.1,0.304578263288547,0.315490467095107
"gbdt",0.1,255,20,-1,1,0.9,10,0.1,0.309129570108801,0.321684903216887
"gbdt",0.01,255,20,-1,1,0.9,10,0.1,0.304627072608657,0.323497185356254
"gbdt",0.1,255,12,-1,1,0.9,10,0.1,0.30736977135705,0.310075214564547
"gbdt",0.01,255,12,-1,1,0.9,10,0.1,0.304439812722092,0.319316283262633
"gbdt",0.1,255,40,-1,1,0.9,10,0.1,0.307926469761057,0.319801963353437
"gbdt",0.01,255,40,-1,1,0.9,10,0.1,0.310111033093257,0.320129129422275
"gbdt",0.1,255,20,10,1,0.9,10,0.1,0.3084861813665,0.337685690982826
"gbdt",0.01,255,20,10,1,0.9,10,0.1,0.304564525449482,0.319178653178945
"gbdt",0.1,255,12,10,1,0.9,10,0.1,0.301376786188087,0.325229895145312
"gbdt",0.01,255,12,10,1,0.9,10,0.1,0.301137254628535,0.321212712563824
"gbdt",0.1,255,40,10,1,0.9,10,0.1,0.307281100401041,0.30932358024285
"gbdt",0.01,255,40,10,1,0.9,10,0.1,0.314026559986368,0.318569569529122
"gbdt",0.1,255,20,20,1,0.9,10,0.1,0.309129570108801,0.321684903216887
"gbdt",0.01,255,20,20,1,0.9,10,0.1,0.304627072608657,0.323497185356254
"gbdt",0.1,255,12,20,1,0.9,10,0.1,0.30736977135705,0.310075214564547
"gbdt",0.01,255,12,20,1,0.9,10,0.1,0.304439812722092,0.319316283262632
"gbdt",0.1,255,40,20,1,0.9,10,0.1,0.307926469761056,0.319801963353437
"gbdt",0.01,255,40,20,1,0.9,10,0.1,0.310111033093257,0.320129129422275
"gbdt",0.1,255,20,-1,0.8,1,10,0.1,0.310391413568674,0.32791339078851
"gbdt",0.01,255,20,-1,0.8,1,10,0.1,0.306726028658256,0.326429401937824
"gbdt",0.1,255,12,-1,0.8,1,10,0.1,0.305902012604346,0.316888051915265
"gbdt",0.01,255,12,-1,0.8,1,10,0.1,0.304120100003703,0.317098358437595
"gbdt",0.1,255,40,-1,0.8,1,10,0.1,0.306984089371938,0.316443448373792
"gbdt",0.01,255,40,-1,0.8,1,10,0.1,0.310302117989706,0.320231955439079
"gbdt",0.1,255,20,10,0.8,1,10,0.1,0.308428963275782,0.320392768790709
"gbdt",0.01,255,20,10,0.8,1,10,0.1,0.303705176212536,0.323070006209147
"gbdt",0.1,255,12,10,0.8,1,10,0.1,0.304804229265959,0.319604886402272
"gbdt",0.01,255,12,10,0.8,1,10,0.1,0.303449267366646,0.315697034110859
"gbdt",0.1,255,40,10,0.8,1,10,0.1,0.304548209720185,0.321096497162771
"gbdt",0.01,255,40,10,0.8,1,10,0.1,0.309185281187542,0.315727335301125
"gbdt",0.1,255,20,20,0.8,1,10,0.1,0.309921816731726,0.32791339078851
"gbdt",0.01,255,20,20,0.8,1,10,0.1,0.306721456947206,0.326429401937824
"gbdt",0.1,255,12,20,0.8,1,10,0.1,0.305902012604346,0.316888051915265
"gbdt",0.01,255,12,20,0.8,1,10,0.1,0.304254146285791,0.317098358437595
"gbdt",0.1,255,40,20,0.8,1,10,0.1,0.306984089371938,0.316443448373792
"gbdt",0.01,255,40,20,0.8,1,10,0.1,0.309170943423956,0.320231955439079
"gbdt",0.1,255,20,-1,0.9,1,10,0.1,0.30561602857804,0.325552860178399
"gbdt",0.01,255,20,-1,0.9,1,10,0.1,0.30642557768034,0.322706482492156
"gbdt",0.1,255,12,-1,0.9,1,10,0.1,0.305029618008127,0.316895015731649
"gbdt",0.01,255,12,-1,0.9,1,10,0.1,0.304066542789768,0.316116588303333
"gbdt",0.1,255,40,-1,0.9,1,10,0.1,0.306262295977103,0.314260456790477
"gbdt",0.01,255,40,-1,0.9,1,10,0.1,0.315813740281878,0.31789075854703
"gbdt",0.1,255,20,10,0.9,1,10,0.1,0.30602726460886,0.323738470248336
"gbdt",0.01,255,20,10,0.9,1,10,0.1,0.304200777061645,0.325404737603958
"gbdt",0.1,255,12,10,0.9,1,10,0.1,0.306088430189206,0.322499460055352
"gbdt",0.01,255,12,10,0.9,1,10,0.1,0.302524312657648,0.321075640282221
"gbdt",0.1,255,40,10,0.9,1,10,0.1,0.306964339203292,0.318439389435685
"gbdt",0.01,255,40,10,0.9,1,10,0.1,0.310921485827466,0.316897763136077
"gbdt",0.1,255,20,20,0.9,1,10,0.1,0.30561602857804,0.325552860178399
"gbdt",0.01,255,20,20,0.9,1,10,0.1,0.30642557768034,0.322706482492156
"gbdt",0.1,255,12,20,0.9,1,10,0.1,0.305029618008127,0.316895015731649
"gbdt",0.01,255,12,20,0.9,1,10,0.1,0.304066542789768,0.316116588303333
"gbdt",0.1,255,40,20,0.9,1,10,0.1,0.306262295977103,0.314260456790477
"gbdt",0.01,255,40,20,0.9,1,10,0.1,0.315813740281878,0.31789075854703
"gbdt",0.1,255,20,-1,1,1,10,0.1,0.311003181803906,0.322270718089293
"gbdt",0.01,255,20,-1,1,1,10,0.1,0.308274290698888,0.326116521858852
"gbdt",0.1,255,12,-1,1,1,10,0.1,0.302739909545888,0.32938006444616
"gbdt",0.01,255,12,-1,1,1,10,0.1,0.304500400932954,0.323047737085735
"gbdt",0.1,255,40,-1,1,1,10,0.1,0.309058817260092,0.320745878187007
"gbdt",0.01,255,40,-1,1,1,10,0.1,0.308188573524115,0.325639706271696
"gbdt",0.1,255,20,10,1,1,10,0.1,0.307608473472263,0.313572753957919
"gbdt",0.01,255,20,10,1,1,10,0.1,0.305454583272965,0.322652004212112
"gbdt",0.1,255,12,10,1,1,10,0.1,0.305511803426949,0.331240997053422
"gbdt",0.01,255,12,10,1,1,10,0.1,0.304820643773836,0.323903171698259
"gbdt",0.1,255,40,10,1,1,10,0.1,0.306397219886105,0.315920675056895
"gbdt",0.01,255,40,10,1,1,10,0.1,0.31523905213258,0.321597721774376
"gbdt",0.1,255,20,20,1,1,10,0.1,0.311003181803906,0.322270718089293
"gbdt",0.01,255,20,20,1,1,10,0.1,0.309660534434931,0.326116521858852
"gbdt",0.1,255,12,20,1,1,10,0.1,0.302739909545888,0.32938006444616
"gbdt",0.01,255,12,20,1,1,10,0.1,0.304682665524995,0.323047737085735
"gbdt",0.1,255,40,20,1,1,10,0.1,0.309058817260092,0.320745878187007
"gbdt",0.01,255,40,20,1,1,10,0.1,0.308188573524115,0.325639706271696
"gbdt",0.1,255,20,-1,0.8,0.8,1,0.5,0.306934520708249,0.32162282819541
"gbdt",0.01,255,20,-1,0.8,0.8,1,0.5,0.305280620737039,0.318170973916892
"gbdt",0.1,255,12,-1,0.8,0.8,1,0.5,0.305494215812154,0.324443912349123
"gbdt",0.01,255,12,-1,0.8,0.8,1,0.5,0.302772153700177,0.317683389173877
"gbdt",0.1,255,40,-1,0.8,0.8,1,0.5,0.303498514629514,0.313742174987792
"gbdt",0.01,255,40,-1,0.8,0.8,1,0.5,0.304893482049769,0.311892548968442
"gbdt",0.1,255,20,10,0.8,0.8,1,0.5,0.304871813914733,0.320469445838245
"gbdt",0.01,255,20,10,0.8,0.8,1,0.5,0.301635346733326,0.316539582027195
"gbdt",0.1,255,12,10,0.8,0.8,1,0.5,0.306684515272777,0.322024906011042
"gbdt",0.01,255,12,10,0.8,0.8,1,0.5,0.302748237371603,0.315122454319048
"gbdt",0.1,255,40,10,0.8,0.8,1,0.5,0.302787372552626,0.311062955615726
"gbdt",0.01,255,40,10,0.8,0.8,1,0.5,0.305032482382845,0.311467688273964
"gbdt",0.1,255,20,20,0.8,0.8,1,0.5,0.306934520708249,0.32162282819541
"gbdt",0.01,255,20,20,0.8,0.8,1,0.5,0.305275960254291,0.318170973916892
"gbdt",0.1,255,12,20,0.8,0.8,1,0.5,0.305494215812154,0.324443912349123
"gbdt",0.01,255,12,20,0.8,0.8,1,0.5,0.302866616159523,0.317683389173877
"gbdt",0.1,255,40,20,0.8,0.8,1,0.5,0.303498514629514,0.313742174987792
"gbdt",0.01,255,40,20,0.8,0.8,1,0.5,0.304893482049769,0.311892548968442
"gbdt",0.1,255,20,-1,0.9,0.8,1,0.5,0.303381685432019,0.318077767702144
"gbdt",0.01,255,20,-1,0.9,0.8,1,0.5,0.303656219167193,0.317677355819093
"gbdt",0.1,255,12,-1,0.9,0.8,1,0.5,0.305787158786886,0.320982104186611
"gbdt",0.01,255,12,-1,0.9,0.8,1,0.5,0.30246081608447,0.315540048330425
"gbdt",0.1,255,40,-1,0.9,0.8,1,0.5,0.304876195284323,0.31397202681117
"gbdt",0.01,255,40,-1,0.9,0.8,1,0.5,0.304373519097167,0.312976706145808
"gbdt",0.1,255,20,10,0.9,0.8,1,0.5,0.304747169624853,0.320716914877111
"gbdt",0.01,255,20,10,0.9,0.8,1,0.5,0.302937497590186,0.313523718999204
"gbdt",0.1,255,12,10,0.9,0.8,1,0.5,0.304805086681121,0.302253413555603
"gbdt",0.01,255,12,10,0.9,0.8,1,0.5,0.301419130733382,0.311697098374565
"gbdt",0.1,255,40,10,0.9,0.8,1,0.5,0.304416152921706,0.312853508037308
"gbdt",0.01,255,40,10,0.9,0.8,1,0.5,0.303830998822695,0.314622221073064
"gbdt",0.1,255,20,20,0.9,0.8,1,0.5,0.303381685432019,0.318077767702144
"gbdt",0.01,255,20,20,0.9,0.8,1,0.5,0.303656219167193,0.317677355819093
"gbdt",0.1,255,12,20,0.9,0.8,1,0.5,0.305787158786886,0.320982104186611
"gbdt",0.01,255,12,20,0.9,0.8,1,0.5,0.302940540632116,0.315540048330425
"gbdt",0.1,255,40,20,0.9,0.8,1,0.5,0.304876195284323,0.31397202681117
"gbdt",0.01,255,40,20,0.9,0.8,1,0.5,0.304373519097167,0.312976706145808
"gbdt",0.1,255,20,-1,1,0.8,1,0.5,0.310808679213229,0.319568142509056
"gbdt",0.01,255,20,-1,1,0.8,1,0.5,0.303027202554235,0.315648200419644
"gbdt",0.1,255,12,-1,1,0.8,1,0.5,0.302796123978226,0.322169216838025
"gbdt",0.01,255,12,-1,1,0.8,1,0.5,0.302305471149467,0.316891026334337
"gbdt",0.1,255,40,-1,1,0.8,1,0.5,0.305537680265865,0.310710812345112
"gbdt",0.01,255,40,-1,1,0.8,1,0.5,0.304736725178197,0.311278920914975
"gbdt",0.1,255,20,10,1,0.8,1,0.5,0.305242532075574,0.304467841895466
"gbdt",0.01,255,20,10,1,0.8,1,0.5,0.301311680288566,0.310374783647553
"gbdt",0.1,255,12,10,1,0.8,1,0.5,0.300298688799981,0.313196965741649
"gbdt",0.01,255,12,10,1,0.8,1,0.5,0.301043357074793,0.313543957015631
"gbdt",0.1,255,40,10,1,0.8,1,0.5,0.306565449903768,0.307500849972353
"gbdt",0.01,255,40,10,1,0.8,1,0.5,0.304282370542728,0.309916014993027
"gbdt",0.1,255,20,20,1,0.8,1,0.5,0.310808679213229,0.319568142509056
"gbdt",0.01,255,20,20,1,0.8,1,0.5,0.30255611773048,0.315648200419644
"gbdt",0.1,255,12,20,1,0.8,1,0.5,0.302796123978226,0.322169216838025
"gbdt",0.01,255,12,20,1,0.8,1,0.5,0.302306187252594,0.316891026334337
"gbdt",0.1,255,40,20,1,0.8,1,0.5,0.305537680265866,0.310710812345112
"gbdt",0.01,255,40,20,1,0.8,1,0.5,0.304736725178197,0.311278920914975
"gbdt",0.1,255,20,-1,0.8,0.9,1,0.5,0.301027201799568,0.320819082391182
"gbdt",0.01,255,20,-1,0.8,0.9,1,0.5,0.30572247139431,0.31945565873222
"gbdt",0.1,255,12,-1,0.8,0.9,1,0.5,0.309039307138141,0.320712788763721
"gbdt",0.01,255,12,-1,0.8,0.9,1,0.5,0.303654452349228,0.31716871291877
"gbdt",0.1,255,40,-1,0.8,0.9,1,0.5,0.299911964807287,0.317226443104426
"gbdt",0.01,255,40,-1,0.8,0.9,1,0.5,0.305436285432917,0.316007034865046
"gbdt",0.1,255,20,10,0.8,0.9,1,0.5,0.306402937724873,0.316318690990944
"gbdt",0.01,255,20,10,0.8,0.9,1,0.5,0.301433737670448,0.313079863231732
"gbdt",0.1,255,12,10,0.8,0.9,1,0.5,0.306815750269917,0.313133209145452
"gbdt",0.01,255,12,10,0.8,0.9,1,0.5,0.301541524236414,0.314560268100522
"gbdt",0.1,255,40,10,0.8,0.9,1,0.5,0.302385952360639,0.320112515654152
"gbdt",0.01,255,40,10,0.8,0.9,1,0.5,0.30602951800711,0.314963711240768
"gbdt",0.1,255,20,20,0.8,0.9,1,0.5,0.300695031974195,0.320819082391183
"gbdt",0.01,255,20,20,0.8,0.9,1,0.5,0.305299500831928,0.31945565873222
"gbdt",0.1,255,12,20,0.8,0.9,1,0.5,0.308594664537952,0.320712788763721
"gbdt",0.01,255,12,20,0.8,0.9,1,0.5,0.303654452349228,0.31716871291877
"gbdt",0.1,255,40,20,0.8,0.9,1,0.5,0.299911964807287,0.317226443104426
"gbdt",0.01,255,40,20,0.8,0.9,1,0.5,0.305436285432917,0.316007034865046
"gbdt",0.1,255,20,-1,0.9,0.9,1,0.5,0.307161811884485,0.327218803670084
"gbdt",0.01,255,20,-1,0.9,0.9,1,0.5,0.302330937684007,0.315329144084886
"gbdt",0.1,255,12,-1,0.9,0.9,1,0.5,0.30439715686732,0.318275052539441
"gbdt",0.01,255,12,-1,0.9,0.9,1,0.5,0.301785219153379,0.313612816345375
"gbdt",0.1,255,40,-1,0.9,0.9,1,0.5,0.3014326294762,0.317267501863975
"gbdt",0.01,255,40,-1,0.9,0.9,1,0.5,0.304225519293368,0.315140139970776
"gbdt",0.1,255,20,10,0.9,0.9,1,0.5,0.304411917698874,0.321104758037881
"gbdt",0.01,255,20,10,0.9,0.9,1,0.5,0.301262694559402,0.316208651320545
"gbdt",0.1,255,12,10,0.9,0.9,1,0.5,0.300508261532198,0.324020918353843
"gbdt",0.01,255,12,10,0.9,0.9,1,0.5,0.301450279519442,0.313414522293979
"gbdt",0.1,255,40,10,0.9,0.9,1,0.5,0.30258444180136,0.318725349547159
"gbdt",0.01,255,40,10,0.9,0.9,1,0.5,0.304585957730087,0.31671434838797
"gbdt",0.1,255,20,20,0.9,0.9,1,0.5,0.307161811884485,0.327218803670084
"gbdt",0.01,255,20,20,0.9,0.9,1,0.5,0.302153024486783,0.315329144084886
"gbdt",0.1,255,12,20,0.9,0.9,1,0.5,0.30439715686732,0.318275052539441
"gbdt",0.01,255,12,20,0.9,0.9,1,0.5,0.301968708730565,0.313612816345375
"gbdt",0.1,255,40,20,0.9,0.9,1,0.5,0.3014326294762,0.317267501863975
"gbdt",0.01,255,40,20,0.9,0.9,1,0.5,0.304225519293368,0.315140139970776
"gbdt",0.1,255,20,-1,1,0.9,1,0.5,0.30414021124763,0.322577117475248
"gbdt",0.01,255,20,-1,1,0.9,1,0.5,0.303453655438456,0.315795693883882
"gbdt",0.1,255,12,-1,1,0.9,1,0.5,0.305435030764761,0.320555552226065
"gbdt",0.01,255,12,-1,1,0.9,1,0.5,0.304080528368183,0.313779829745616
"gbdt",0.1,255,40,-1,1,0.9,1,0.5,0.307748377993167,0.31098046033823
"gbdt",0.01,255,40,-1,1,0.9,1,0.5,0.303303131567681,0.316088023045736
"gbdt",0.1,255,20,10,1,0.9,1,0.5,0.304124026845113,0.317564309890857
"gbdt",0.01,255,20,10,1,0.9,1,0.5,0.301640731546876,0.315824538734755
"gbdt",0.1,255,12,10,1,0.9,1,0.5,0.305186512872168,0.323136483643684
"gbdt",0.01,255,12,10,1,0.9,1,0.5,0.301684747844364,0.314042808299016
"gbdt",0.1,255,40,10,1,0.9,1,0.5,0.303835542947634,0.30568266844348
"gbdt",0.01,255,40,10,1,0.9,1,0.5,0.304351901823641,0.314650699437848
"gbdt",0.1,255,20,20,1,0.9,1,0.5,0.30414021124763,0.323828132478846
"gbdt",0.01,255,20,20,1,0.9,1,0.5,0.30326005164062,0.315795693883882
"gbdt",0.1,255,12,20,1,0.9,1,0.5,0.305435030764761,0.320555552226065
"gbdt",0.01,255,12,20,1,0.9,1,0.5,0.304080528368183,0.313779829745616
"gbdt",0.1,255,40,20,1,0.9,1,0.5,0.307748377993167,0.31098046033823
"gbdt",0.01,255,40,20,1,0.9,1,0.5,0.303303131567681,0.316088023045736
"gbdt",0.1,255,20,-1,0.8,1,1,0.5,0.310369939915604,0.324093377396352
"gbdt",0.01,255,20,-1,0.8,1,1,0.5,0.306093379052971,0.323801461364951
"gbdt",0.1,255,12,-1,0.8,1,1,0.5,0.303465698713534,0.322650876290438
"gbdt",0.01,255,12,-1,0.8,1,1,0.5,0.305095681846917,0.314874399266298
"gbdt",0.1,255,40,-1,0.8,1,1,0.5,0.309391904804806,0.318047780263771
"gbdt",0.01,255,40,-1,0.8,1,1,0.5,0.310544045340429,0.317361167225977
"gbdt",0.1,255,20,10,0.8,1,1,0.5,0.308331540451375,0.323346042722889
"gbdt",0.01,255,20,10,0.8,1,1,0.5,0.305418822196382,0.322976637169862
"gbdt",0.1,255,12,10,0.8,1,1,0.5,0.306130419221809,0.316249516927404
"gbdt",0.01,255,12,10,0.8,1,1,0.5,0.302578478580689,0.317562038470706
"gbdt",0.1,255,40,10,0.8,1,1,0.5,0.305560029137994,0.319395633851874
"gbdt",0.01,255,40,10,0.8,1,1,0.5,0.311918586333867,0.318017531213656
"gbdt",0.1,255,20,20,0.8,1,1,0.5,0.310641810445865,0.324093377396352
"gbdt",0.01,255,20,20,0.8,1,1,0.5,0.306236951788949,0.323801461364951
"gbdt",0.1,255,12,20,0.8,1,1,0.5,0.303465698713534,0.322650876290437
"gbdt",0.01,255,12,20,0.8,1,1,0.5,0.305095681846917,0.314874399266298
"gbdt",0.1,255,40,20,0.8,1,1,0.5,0.309391904804806,0.318047780263772
"gbdt",0.01,255,40,20,0.8,1,1,0.5,0.310544045340429,0.317361167225977
"gbdt",0.1,255,20,-1,0.9,1,1,0.5,0.307282939963228,0.322208356803866
"gbdt",0.01,255,20,-1,0.9,1,1,0.5,0.306098141130282,0.322291352589679
"gbdt",0.1,255,12,-1,0.9,1,1,0.5,0.30596961155367,0.319341314820967
"gbdt",0.01,255,12,-1,0.9,1,1,0.5,0.303783922498274,0.316520691580939
"gbdt",0.1,255,40,-1,0.9,1,1,0.5,0.309376265662999,0.313589958510718
"gbdt",0.01,255,40,-1,0.9,1,1,0.5,0.312172251273337,0.317463765880429
"gbdt",0.1,255,20,10,0.9,1,1,0.5,0.307514186915644,0.324943042049365
"gbdt",0.01,255,20,10,0.9,1,1,0.5,0.302261741313468,0.320290747419217
"gbdt",0.1,255,12,10,0.9,1,1,0.5,NA,NA
"gbdt",0.01,255,12,10,0.9,1,1,0.5,NA,NA
"gbdt",0.1,255,40,10,0.9,1,1,0.5,NA,NA
"gbdt",0.01,255,40,10,0.9,1,1,0.5,NA,NA
"gbdt",0.1,255,20,20,0.9,1,1,0.5,NA,NA
"gbdt",0.01,255,20,20,0.9,1,1,0.5,NA,NA
"gbdt",0.1,255,12,20,0.9,1,1,0.5,NA,NA
"gbdt",0.01,255,12,20,0.9,1,1,0.5,NA,NA
"gbdt",0.1,255,40,20,0.9,1,1,0.5,NA,NA
"gbdt",0.01,255,40,20,0.9,1,1,0.5,NA,NA
"gbdt",0.1,255,20,-1,1,1,1,0.5,NA,NA
"gbdt",0.01,255,20,-1,1,1,1,0.5,NA,NA
"gbdt",0.1,255,12,-1,1,1,1,0.5,NA,NA
"gbdt",0.01,255,12,-1,1,1,1,0.5,NA,NA
"gbdt",0.1,255,40,-1,1,1,1,0.5,NA,NA
"gbdt",0.01,255,40,-1,1,1,1,0.5,NA,NA
"gbdt",0.1,255,20,10,1,1,1,0.5,NA,NA
"gbdt",0.01,255,20,10,1,1,1,0.5,NA,NA
"gbdt",0.1,255,12,10,1,1,1,0.5,NA,NA
"gbdt",0.01,255,12,10,1,1,1,0.5,NA,NA
"gbdt",0.1,255,40,10,1,1,1,0.5,NA,NA
"gbdt",0.01,255,40,10,1,1,1,0.5,NA,NA
"gbdt",0.1,255,20,20,1,1,1,0.5,NA,NA
"gbdt",0.01,255,20,20,1,1,1,0.5,NA,NA
"gbdt",0.1,255,12,20,1,1,1,0.5,NA,NA
"gbdt",0.01,255,12,20,1,1,1,0.5,NA,NA
"gbdt",0.1,255,40,20,1,1,1,0.5,NA,NA
"gbdt",0.01,255,40,20,1,1,1,0.5,NA,NA
"gbdt",0.1,255,20,-1,0.8,0.8,5,0.5,NA,NA
"gbdt",0.01,255,20,-1,0.8,0.8,5,0.5,NA,NA
"gbdt",0.1,255,12,-1,0.8,0.8,5,0.5,NA,NA
"gbdt",0.01,255,12,-1,0.8,0.8,5,0.5,NA,NA
"gbdt",0.1,255,40,-1,0.8,0.8,5,0.5,NA,NA
"gbdt",0.01,255,40,-1,0.8,0.8,5,0.5,NA,NA
"gbdt",0.1,255,20,10,0.8,0.8,5,0.5,NA,NA
"gbdt",0.01,255,20,10,0.8,0.8,5,0.5,NA,NA
"gbdt",0.1,255,12,10,0.8,0.8,5,0.5,NA,NA
"gbdt",0.01,255,12,10,0.8,0.8,5,0.5,NA,NA
"gbdt",0.1,255,40,10,0.8,0.8,5,0.5,NA,NA
"gbdt",0.01,255,40,10,0.8,0.8,5,0.5,NA,NA
"gbdt",0.1,255,20,20,0.8,0.8,5,0.5,NA,NA
"gbdt",0.01,255,20,20,0.8,0.8,5,0.5,NA,NA
"gbdt",0.1,255,12,20,0.8,0.8,5,0.5,NA,NA
"gbdt",0.01,255,12,20,0.8,0.8,5,0.5,NA,NA
"gbdt",0.1,255,40,20,0.8,0.8,5,0.5,NA,NA
"gbdt",0.01,255,40,20,0.8,0.8,5,0.5,NA,NA
"gbdt",0.1,255,20,-1,0.9,0.8,5,0.5,NA,NA
"gbdt",0.01,255,20,-1,0.9,0.8,5,0.5,NA,NA
"gbdt",0.1,255,12,-1,0.9,0.8,5,0.5,NA,NA
"gbdt",0.01,255,12,-1,0.9,0.8,5,0.5,NA,NA
"gbdt",0.1,255,40,-1,0.9,0.8,5,0.5,NA,NA
"gbdt",0.01,255,40,-1,0.9,0.8,5,0.5,NA,NA
"gbdt",0.1,255,20,10,0.9,0.8,5,0.5,NA,NA
"gbdt",0.01,255,20,10,0.9,0.8,5,0.5,NA,NA
"gbdt",0.1,255,12,10,0.9,0.8,5,0.5,NA,NA
"gbdt",0.01,255,12,10,0.9,0.8,5,0.5,NA,NA
"gbdt",0.1,255,40,10,0.9,0.8,5,0.5,NA,NA
"gbdt",0.01,255,40,10,0.9,0.8,5,0.5,NA,NA
"gbdt",0.1,255,20,20,0.9,0.8,5,0.5,NA,NA
"gbdt",0.01,255,20,20,0.9,0.8,5,0.5,NA,NA
"gbdt",0.1,255,12,20,0.9,0.8,5,0.5,NA,NA
"gbdt",0.01,255,12,20,0.9,0.8,5,0.5,NA,NA
"gbdt",0.1,255,40,20,0.9,0.8,5,0.5,NA,NA
"gbdt",0.01,255,40,20,0.9,0.8,5,0.5,NA,NA
"gbdt",0.1,255,20,-1,1,0.8,5,0.5,NA,NA
"gbdt",0.01,255,20,-1,1,0.8,5,0.5,NA,NA
"gbdt",0.1,255,12,-1,1,0.8,5,0.5,NA,NA
"gbdt",0.01,255,12,-1,1,0.8,5,0.5,NA,NA
"gbdt",0.1,255,40,-1,1,0.8,5,0.5,NA,NA
"gbdt",0.01,255,40,-1,1,0.8,5,0.5,NA,NA
"gbdt",0.1,255,20,10,1,0.8,5,0.5,NA,NA
"gbdt",0.01,255,20,10,1,0.8,5,0.5,NA,NA
"gbdt",0.1,255,12,10,1,0.8,5,0.5,NA,NA
"gbdt",0.01,255,12,10,1,0.8,5,0.5,NA,NA
"gbdt",0.1,255,40,10,1,0.8,5,0.5,NA,NA
"gbdt",0.01,255,40,10,1,0.8,5,0.5,NA,NA
"gbdt",0.1,255,20,20,1,0.8,5,0.5,NA,NA
"gbdt",0.01,255,20,20,1,0.8,5,0.5,NA,NA
"gbdt",0.1,255,12,20,1,0.8,5,0.5,NA,NA
"gbdt",0.01,255,12,20,1,0.8,5,0.5,NA,NA
"gbdt",0.1,255,40,20,1,0.8,5,0.5,NA,NA
"gbdt",0.01,255,40,20,1,0.8,5,0.5,NA,NA
"gbdt",0.1,255,20,-1,0.8,0.9,5,0.5,NA,NA
"gbdt",0.01,255,20,-1,0.8,0.9,5,0.5,NA,NA
"gbdt",0.1,255,12,-1,0.8,0.9,5,0.5,NA,NA
"gbdt",0.01,255,12,-1,0.8,0.9,5,0.5,NA,NA
"gbdt",0.1,255,40,-1,0.8,0.9,5,0.5,NA,NA
"gbdt",0.01,255,40,-1,0.8,0.9,5,0.5,NA,NA
"gbdt",0.1,255,20,10,0.8,0.9,5,0.5,NA,NA
"gbdt",0.01,255,20,10,0.8,0.9,5,0.5,NA,NA
"gbdt",0.1,255,12,10,0.8,0.9,5,0.5,NA,NA
"gbdt",0.01,255,12,10,0.8,0.9,5,0.5,NA,NA
"gbdt",0.1,255,40,10,0.8,0.9,5,0.5,NA,NA
"gbdt",0.01,255,40,10,0.8,0.9,5,0.5,NA,NA
"gbdt",0.1,255,20,20,0.8,0.9,5,0.5,NA,NA
"gbdt",0.01,255,20,20,0.8,0.9,5,0.5,NA,NA
"gbdt",0.1,255,12,20,0.8,0.9,5,0.5,NA,NA
"gbdt",0.01,255,12,20,0.8,0.9,5,0.5,NA,NA
"gbdt",0.1,255,40,20,0.8,0.9,5,0.5,NA,NA
"gbdt",0.01,255,40,20,0.8,0.9,5,0.5,NA,NA
"gbdt",0.1,255,20,-1,0.9,0.9,5,0.5,NA,NA
"gbdt",0.01,255,20,-1,0.9,0.9,5,0.5,NA,NA
"gbdt",0.1,255,12,-1,0.9,0.9,5,0.5,NA,NA
"gbdt",0.01,255,12,-1,0.9,0.9,5,0.5,NA,NA
"gbdt",0.1,255,40,-1,0.9,0.9,5,0.5,NA,NA
"gbdt",0.01,255,40,-1,0.9,0.9,5,0.5,NA,NA
"gbdt",0.1,255,20,10,0.9,0.9,5,0.5,NA,NA
"gbdt",0.01,255,20,10,0.9,0.9,5,0.5,NA,NA
"gbdt",0.1,255,12,10,0.9,0.9,5,0.5,NA,NA
"gbdt",0.01,255,12,10,0.9,0.9,5,0.5,NA,NA
"gbdt",0.1,255,40,10,0.9,0.9,5,0.5,NA,NA
"gbdt",0.01,255,40,10,0.9,0.9,5,0.5,NA,NA
"gbdt",0.1,255,20,20,0.9,0.9,5,0.5,NA,NA
"gbdt",0.01,255,20,20,0.9,0.9,5,0.5,NA,NA
"gbdt",0.1,255,12,20,0.9,0.9,5,0.5,NA,NA
"gbdt",0.01,255,12,20,0.9,0.9,5,0.5,NA,NA
"gbdt",0.1,255,40,20,0.9,0.9,5,0.5,NA,NA
"gbdt",0.01,255,40,20,0.9,0.9,5,0.5,NA,NA
"gbdt",0.1,255,20,-1,1,0.9,5,0.5,NA,NA
"gbdt",0.01,255,20,-1,1,0.9,5,0.5,NA,NA
"gbdt",0.1,255,12,-1,1,0.9,5,0.5,NA,NA
"gbdt",0.01,255,12,-1,1,0.9,5,0.5,NA,NA
"gbdt",0.1,255,40,-1,1,0.9,5,0.5,NA,NA
"gbdt",0.01,255,40,-1,1,0.9,5,0.5,NA,NA
"gbdt",0.1,255,20,10,1,0.9,5,0.5,NA,NA
"gbdt",0.01,255,20,10,1,0.9,5,0.5,NA,NA
"gbdt",0.1,255,12,10,1,0.9,5,0.5,NA,NA
"gbdt",0.01,255,12,10,1,0.9,5,0.5,NA,NA
"gbdt",0.1,255,40,10,1,0.9,5,0.5,NA,NA
"gbdt",0.01,255,40,10,1,0.9,5,0.5,NA,NA
"gbdt",0.1,255,20,20,1,0.9,5,0.5,NA,NA
"gbdt",0.01,255,20,20,1,0.9,5,0.5,NA,NA
"gbdt",0.1,255,12,20,1,0.9,5,0.5,NA,NA
"gbdt",0.01,255,12,20,1,0.9,5,0.5,NA,NA
"gbdt",0.1,255,40,20,1,0.9,5,0.5,NA,NA
"gbdt",0.01,255,40,20,1,0.9,5,0.5,NA,NA
"gbdt",0.1,255,20,-1,0.8,1,5,0.5,NA,NA
"gbdt",0.01,255,20,-1,0.8,1,5,0.5,NA,NA
"gbdt",0.1,255,12,-1,0.8,1,5,0.5,NA,NA
"gbdt",0.01,255,12,-1,0.8,1,5,0.5,NA,NA
"gbdt",0.1,255,40,-1,0.8,1,5,0.5,NA,NA
"gbdt",0.01,255,40,-1,0.8,1,5,0.5,NA,NA
"gbdt",0.1,255,20,10,0.8,1,5,0.5,NA,NA
"gbdt",0.01,255,20,10,0.8,1,5,0.5,NA,NA
"gbdt",0.1,255,12,10,0.8,1,5,0.5,NA,NA
"gbdt",0.01,255,12,10,0.8,1,5,0.5,NA,NA
"gbdt",0.1,255,40,10,0.8,1,5,0.5,NA,NA
"gbdt",0.01,255,40,10,0.8,1,5,0.5,NA,NA
"gbdt",0.1,255,20,20,0.8,1,5,0.5,NA,NA
"gbdt",0.01,255,20,20,0.8,1,5,0.5,NA,NA
"gbdt",0.1,255,12,20,0.8,1,5,0.5,NA,NA
"gbdt",0.01,255,12,20,0.8,1,5,0.5,NA,NA
"gbdt",0.1,255,40,20,0.8,1,5,0.5,NA,NA
"gbdt",0.01,255,40,20,0.8,1,5,0.5,NA,NA
"gbdt",0.1,255,20,-1,0.9,1,5,0.5,NA,NA
"gbdt",0.01,255,20,-1,0.9,1,5,0.5,NA,NA
"gbdt",0.1,255,12,-1,0.9,1,5,0.5,NA,NA
"gbdt",0.01,255,12,-1,0.9,1,5,0.5,NA,NA
"gbdt",0.1,255,40,-1,0.9,1,5,0.5,NA,NA
"gbdt",0.01,255,40,-1,0.9,1,5,0.5,NA,NA
"gbdt",0.1,255,20,10,0.9,1,5,0.5,NA,NA
"gbdt",0.01,255,20,10,0.9,1,5,0.5,NA,NA
"gbdt",0.1,255,12,10,0.9,1,5,0.5,NA,NA
"gbdt",0.01,255,12,10,0.9,1,5,0.5,NA,NA
"gbdt",0.1,255,40,10,0.9,1,5,0.5,NA,NA
"gbdt",0.01,255,40,10,0.9,1,5,0.5,NA,NA
"gbdt",0.1,255,20,20,0.9,1,5,0.5,NA,NA
"gbdt",0.01,255,20,20,0.9,1,5,0.5,NA,NA
"gbdt",0.1,255,12,20,0.9,1,5,0.5,NA,NA
"gbdt",0.01,255,12,20,0.9,1,5,0.5,NA,NA
"gbdt",0.1,255,40,20,0.9,1,5,0.5,NA,NA
"gbdt",0.01,255,40,20,0.9,1,5,0.5,NA,NA
"gbdt",0.1,255,20,-1,1,1,5,0.5,NA,NA
"gbdt",0.01,255,20,-1,1,1,5,0.5,NA,NA
"gbdt",0.1,255,12,-1,1,1,5,0.5,NA,NA
"gbdt",0.01,255,12,-1,1,1,5,0.5,NA,NA
"gbdt",0.1,255,40,-1,1,1,5,0.5,NA,NA
"gbdt",0.01,255,40,-1,1,1,5,0.5,NA,NA
"gbdt",0.1,255,20,10,1,1,5,0.5,NA,NA
"gbdt",0.01,255,20,10,1,1,5,0.5,NA,NA
"gbdt",0.1,255,12,10,1,1,5,0.5,NA,NA
"gbdt",0.01,255,12,10,1,1,5,0.5,NA,NA
"gbdt",0.1,255,40,10,1,1,5,0.5,NA,NA
"gbdt",0.01,255,40,10,1,1,5,0.5,NA,NA
"gbdt",0.1,255,20,20,1,1,5,0.5,NA,NA
"gbdt",0.01,255,20,20,1,1,5,0.5,NA,NA
"gbdt",0.1,255,12,20,1,1,5,0.5,NA,NA
"gbdt",0.01,255,12,20,1,1,5,0.5,NA,NA
"gbdt",0.1,255,40,20,1,1,5,0.5,NA,NA
"gbdt",0.01,255,40,20,1,1,5,0.5,NA,NA
"gbdt",0.1,255,20,-1,0.8,0.8,10,0.5,NA,NA
"gbdt",0.01,255,20,-1,0.8,0.8,10,0.5,NA,NA
"gbdt",0.1,255,12,-1,0.8,0.8,10,0.5,NA,NA
"gbdt",0.01,255,12,-1,0.8,0.8,10,0.5,NA,NA
"gbdt",0.1,255,40,-1,0.8,0.8,10,0.5,NA,NA
"gbdt",0.01,255,40,-1,0.8,0.8,10,0.5,NA,NA
"gbdt",0.1,255,20,10,0.8,0.8,10,0.5,NA,NA
"gbdt",0.01,255,20,10,0.8,0.8,10,0.5,NA,NA
"gbdt",0.1,255,12,10,0.8,0.8,10,0.5,NA,NA
"gbdt",0.01,255,12,10,0.8,0.8,10,0.5,NA,NA
"gbdt",0.1,255,40,10,0.8,0.8,10,0.5,NA,NA
"gbdt",0.01,255,40,10,0.8,0.8,10,0.5,NA,NA
"gbdt",0.1,255,20,20,0.8,0.8,10,0.5,NA,NA
"gbdt",0.01,255,20,20,0.8,0.8,10,0.5,NA,NA
"gbdt",0.1,255,12,20,0.8,0.8,10,0.5,NA,NA
"gbdt",0.01,255,12,20,0.8,0.8,10,0.5,NA,NA
"gbdt",0.1,255,40,20,0.8,0.8,10,0.5,NA,NA
"gbdt",0.01,255,40,20,0.8,0.8,10,0.5,NA,NA
"gbdt",0.1,255,20,-1,0.9,0.8,10,0.5,NA,NA
"gbdt",0.01,255,20,-1,0.9,0.8,10,0.5,NA,NA
"gbdt",0.1,255,12,-1,0.9,0.8,10,0.5,NA,NA
"gbdt",0.01,255,12,-1,0.9,0.8,10,0.5,NA,NA
"gbdt",0.1,255,40,-1,0.9,0.8,10,0.5,NA,NA
"gbdt",0.01,255,40,-1,0.9,0.8,10,0.5,NA,NA
"gbdt",0.1,255,20,10,0.9,0.8,10,0.5,NA,NA
"gbdt",0.01,255,20,10,0.9,0.8,10,0.5,NA,NA
"gbdt",0.1,255,12,10,0.9,0.8,10,0.5,NA,NA
"gbdt",0.01,255,12,10,0.9,0.8,10,0.5,NA,NA
"gbdt",0.1,255,40,10,0.9,0.8,10,0.5,NA,NA
"gbdt",0.01,255,40,10,0.9,0.8,10,0.5,NA,NA
"gbdt",0.1,255,20,20,0.9,0.8,10,0.5,NA,NA
"gbdt",0.01,255,20,20,0.9,0.8,10,0.5,NA,NA
"gbdt",0.1,255,12,20,0.9,0.8,10,0.5,NA,NA
"gbdt",0.01,255,12,20,0.9,0.8,10,0.5,NA,NA
"gbdt",0.1,255,40,20,0.9,0.8,10,0.5,NA,NA
"gbdt",0.01,255,40,20,0.9,0.8,10,0.5,NA,NA
"gbdt",0.1,255,20,-1,1,0.8,10,0.5,NA,NA
"gbdt",0.01,255,20,-1,1,0.8,10,0.5,NA,NA
"gbdt",0.1,255,12,-1,1,0.8,10,0.5,NA,NA
"gbdt",0.01,255,12,-1,1,0.8,10,0.5,NA,NA
"gbdt",0.1,255,40,-1,1,0.8,10,0.5,NA,NA
"gbdt",0.01,255,40,-1,1,0.8,10,0.5,NA,NA
"gbdt",0.1,255,20,10,1,0.8,10,0.5,NA,NA
"gbdt",0.01,255,20,10,1,0.8,10,0.5,NA,NA
"gbdt",0.1,255,12,10,1,0.8,10,0.5,NA,NA
"gbdt",0.01,255,12,10,1,0.8,10,0.5,NA,NA
"gbdt",0.1,255,40,10,1,0.8,10,0.5,NA,NA
"gbdt",0.01,255,40,10,1,0.8,10,0.5,NA,NA
"gbdt",0.1,255,20,20,1,0.8,10,0.5,NA,NA
"gbdt",0.01,255,20,20,1,0.8,10,0.5,NA,NA
"gbdt",0.1,255,12,20,1,0.8,10,0.5,NA,NA
"gbdt",0.01,255,12,20,1,0.8,10,0.5,NA,NA
"gbdt",0.1,255,40,20,1,0.8,10,0.5,NA,NA
"gbdt",0.01,255,40,20,1,0.8,10,0.5,NA,NA
"gbdt",0.1,255,20,-1,0.8,0.9,10,0.5,NA,NA
"gbdt",0.01,255,20,-1,0.8,0.9,10,0.5,NA,NA
"gbdt",0.1,255,12,-1,0.8,0.9,10,0.5,NA,NA
"gbdt",0.01,255,12,-1,0.8,0.9,10,0.5,NA,NA
"gbdt",0.1,255,40,-1,0.8,0.9,10,0.5,NA,NA
"gbdt",0.01,255,40,-1,0.8,0.9,10,0.5,NA,NA
"gbdt",0.1,255,20,10,0.8,0.9,10,0.5,NA,NA
"gbdt",0.01,255,20,10,0.8,0.9,10,0.5,NA,NA
"gbdt",0.1,255,12,10,0.8,0.9,10,0.5,NA,NA
"gbdt",0.01,255,12,10,0.8,0.9,10,0.5,NA,NA
"gbdt",0.1,255,40,10,0.8,0.9,10,0.5,NA,NA
"gbdt",0.01,255,40,10,0.8,0.9,10,0.5,NA,NA
"gbdt",0.1,255,20,20,0.8,0.9,10,0.5,NA,NA
"gbdt",0.01,255,20,20,0.8,0.9,10,0.5,NA,NA
"gbdt",0.1,255,12,20,0.8,0.9,10,0.5,NA,NA
"gbdt",0.01,255,12,20,0.8,0.9,10,0.5,NA,NA
"gbdt",0.1,255,40,20,0.8,0.9,10,0.5,NA,NA
"gbdt",0.01,255,40,20,0.8,0.9,10,0.5,NA,NA
"gbdt",0.1,255,20,-1,0.9,0.9,10,0.5,NA,NA
"gbdt",0.01,255,20,-1,0.9,0.9,10,0.5,NA,NA
"gbdt",0.1,255,12,-1,0.9,0.9,10,0.5,NA,NA
"gbdt",0.01,255,12,-1,0.9,0.9,10,0.5,NA,NA
"gbdt",0.1,255,40,-1,0.9,0.9,10,0.5,NA,NA
"gbdt",0.01,255,40,-1,0.9,0.9,10,0.5,NA,NA
"gbdt",0.1,255,20,10,0.9,0.9,10,0.5,NA,NA
"gbdt",0.01,255,20,10,0.9,0.9,10,0.5,NA,NA
"gbdt",0.1,255,12,10,0.9,0.9,10,0.5,NA,NA
"gbdt",0.01,255,12,10,0.9,0.9,10,0.5,NA,NA
"gbdt",0.1,255,40,10,0.9,0.9,10,0.5,NA,NA
"gbdt",0.01,255,40,10,0.9,0.9,10,0.5,NA,NA
"gbdt",0.1,255,20,20,0.9,0.9,10,0.5,NA,NA
"gbdt",0.01,255,20,20,0.9,0.9,10,0.5,NA,NA
"gbdt",0.1,255,12,20,0.9,0.9,10,0.5,NA,NA
"gbdt",0.01,255,12,20,0.9,0.9,10,0.5,NA,NA
"gbdt",0.1,255,40,20,0.9,0.9,10,0.5,NA,NA
"gbdt",0.01,255,40,20,0.9,0.9,10,0.5,NA,NA
"gbdt",0.1,255,20,-1,1,0.9,10,0.5,NA,NA
"gbdt",0.01,255,20,-1,1,0.9,10,0.5,NA,NA
"gbdt",0.1,255,12,-1,1,0.9,10,0.5,NA,NA
"gbdt",0.01,255,12,-1,1,0.9,10,0.5,NA,NA
"gbdt",0.1,255,40,-1,1,0.9,10,0.5,NA,NA
"gbdt",0.01,255,40,-1,1,0.9,10,0.5,NA,NA
"gbdt",0.1,255,20,10,1,0.9,10,0.5,NA,NA
"gbdt",0.01,255,20,10,1,0.9,10,0.5,NA,NA
"gbdt",0.1,255,12,10,1,0.9,10,0.5,NA,NA
"gbdt",0.01,255,12,10,1,0.9,10,0.5,NA,NA
"gbdt",0.1,255,40,10,1,0.9,10,0.5,NA,NA
"gbdt",0.01,255,40,10,1,0.9,10,0.5,NA,NA
"gbdt",0.1,255,20,20,1,0.9,10,0.5,NA,NA
"gbdt",0.01,255,20,20,1,0.9,10,0.5,NA,NA
"gbdt",0.1,255,12,20,1,0.9,10,0.5,NA,NA
"gbdt",0.01,255,12,20,1,0.9,10,0.5,NA,NA
"gbdt",0.1,255,40,20,1,0.9,10,0.5,NA,NA
"gbdt",0.01,255,40,20,1,0.9,10,0.5,NA,NA
"gbdt",0.1,255,20,-1,0.8,1,10,0.5,NA,NA
"gbdt",0.01,255,20,-1,0.8,1,10,0.5,NA,NA
"gbdt",0.1,255,12,-1,0.8,1,10,0.5,NA,NA
"gbdt",0.01,255,12,-1,0.8,1,10,0.5,NA,NA
"gbdt",0.1,255,40,-1,0.8,1,10,0.5,NA,NA
"gbdt",0.01,255,40,-1,0.8,1,10,0.5,NA,NA
"gbdt",0.1,255,20,10,0.8,1,10,0.5,NA,NA
"gbdt",0.01,255,20,10,0.8,1,10,0.5,NA,NA
"gbdt",0.1,255,12,10,0.8,1,10,0.5,NA,NA
"gbdt",0.01,255,12,10,0.8,1,10,0.5,NA,NA
"gbdt",0.1,255,40,10,0.8,1,10,0.5,NA,NA
"gbdt",0.01,255,40,10,0.8,1,10,0.5,NA,NA
"gbdt",0.1,255,20,20,0.8,1,10,0.5,NA,NA
"gbdt",0.01,255,20,20,0.8,1,10,0.5,NA,NA
"gbdt",0.1,255,12,20,0.8,1,10,0.5,NA,NA
"gbdt",0.01,255,12,20,0.8,1,10,0.5,NA,NA
"gbdt",0.1,255,40,20,0.8,1,10,0.5,NA,NA
"gbdt",0.01,255,40,20,0.8,1,10,0.5,NA,NA
"gbdt",0.1,255,20,-1,0.9,1,10,0.5,NA,NA
"gbdt",0.01,255,20,-1,0.9,1,10,0.5,NA,NA
"gbdt",0.1,255,12,-1,0.9,1,10,0.5,NA,NA
"gbdt",0.01,255,12,-1,0.9,1,10,0.5,NA,NA
"gbdt",0.1,255,40,-1,0.9,1,10,0.5,NA,NA
"gbdt",0.01,255,40,-1,0.9,1,10,0.5,NA,NA
"gbdt",0.1,255,20,10,0.9,1,10,0.5,NA,NA
"gbdt",0.01,255,20,10,0.9,1,10,0.5,NA,NA
"gbdt",0.1,255,12,10,0.9,1,10,0.5,NA,NA
"gbdt",0.01,255,12,10,0.9,1,10,0.5,NA,NA
"gbdt",0.1,255,40,10,0.9,1,10,0.5,NA,NA
"gbdt",0.01,255,40,10,0.9,1,10,0.5,NA,NA
"gbdt",0.1,255,20,20,0.9,1,10,0.5,NA,NA
"gbdt",0.01,255,20,20,0.9,1,10,0.5,NA,NA
"gbdt",0.1,255,12,20,0.9,1,10,0.5,NA,NA
"gbdt",0.01,255,12,20,0.9,1,10,0.5,NA,NA
"gbdt",0.1,255,40,20,0.9,1,10,0.5,NA,NA
"gbdt",0.01,255,40,20,0.9,1,10,0.5,NA,NA
"gbdt",0.1,255,20,-1,1,1,10,0.5,NA,NA
"gbdt",0.01,255,20,-1,1,1,10,0.5,NA,NA
"gbdt",0.1,255,12,-1,1,1,10,0.5,NA,NA
"gbdt",0.01,255,12,-1,1,1,10,0.5,NA,NA
"gbdt",0.1,255,40,-1,1,1,10,0.5,NA,NA
"gbdt",0.01,255,40,-1,1,1,10,0.5,NA,NA
"gbdt",0.1,255,20,10,1,1,10,0.5,NA,NA
"gbdt",0.01,255,20,10,1,1,10,0.5,NA,NA
"gbdt",0.1,255,12,10,1,1,10,0.5,NA,NA
"gbdt",0.01,255,12,10,1,1,10,0.5,NA,NA
"gbdt",0.1,255,40,10,1,1,10,0.5,NA,NA
"gbdt",0.01,255,40,10,1,1,10,0.5,NA,NA
"gbdt",0.1,255,20,20,1,1,10,0.5,NA,NA
"gbdt",0.01,255,20,20,1,1,10,0.5,NA,NA
"gbdt",0.1,255,12,20,1,1,10,0.5,NA,NA
"gbdt",0.01,255,12,20,1,1,10,0.5,NA,NA
"gbdt",0.1,255,40,20,1,1,10,0.5,NA,NA
"gbdt",0.01,255,40,20,1,1,10,0.5,NA,NA
